conversation_id_str,created_at,favorite_count,full_text,id_str,image_url,in_reply_to_screen_name,lang,location,quote_count,reply_count,retweet_count,tweet_url,user_id_str,username
433888321647833094,2014-02-13T09:00:11.000Z,0,Saksikan Konser &amp; Launching Mini Album @Aligovocalmusic | FREE Entry | 16-02-2014 di Kampoeng Popsa (13.00-16.30 wita),433888321647833094,,,in,,0,0,2,https://x.com/SupirPete2/status/433888321647833094,172790109,SupirPete2
432105020050251776,2014-02-08T10:53:59.000Z,0,Yg lain jg vote dong yuk RT @YuvitaDhita: Aku udah vote finalis kompetisi duet bareng Iwan Fals di Konser Suara Negeri Bandung @netmediatama,432105020050251776,,,in,,0,1,0,https://x.com/mdtvindonesia/status/432105020050251776,978808357,mdtvindonesia
431741711904038912,2014-02-07T10:50:20.000Z,1,"colek bos nya kickfest @ryanelha :) RT @AzhaAkbar: Bang, main di kickfest malang dong. Kangen nih, pengen liat konser pwg live @PWGofficial",431741711904038912,,,in,,0,2,14,https://x.com/PWGofficial/status/431741711904038912,19279420,PWGofficial
431701059417800704,2014-02-07T08:08:47.000Z,0,Ipang 'BIP' Bangga Terlibat di Konser Generasi Muda untuk Cinta Pohon dan Hutan http://t.co/68PU1JYBY6,431701059417800704,,,in,,0,0,0,https://x.com/LangitMusik/status/431701059417800704,115588582,LangitMusik
431653556819476480,2014-02-07T05:00:02.000Z,0,Saksikan Konser &amp; Launching Mini Album @Aligovocalmusic | FREE Entry | 16-02-20 di Kampoeng Popsa (13.00-16.30 wita),431653556819476480,,,in,,0,0,0,https://x.com/SupirPete2/status/431653556819476480,172790109,SupirPete2
431614883902156800,2014-02-07T02:26:22.000Z,3,Coboy Junior akan menggelar konser terakhir mereka! Intip infonya di http://t.co/LRbZqOvOuP http://t.co/0G1tCYbcWi,431614883902156800,,,in,,0,1,10,https://x.com/majalah_bobo/status/431614883902156800,181405498,majalah_bobo
431610098536837120,2014-02-07T02:07:21.000Z,2,"Konser Perpisahan Coboy Junior Bakal Ukir Sejarah: ""Belum ada sejarahnya di Indonesia farewell concert. Jadi i... http://t.co/MQYEVmD82J",431610098536837120,,,in,,0,1,17,https://x.com/tribunpontianak/status/431610098536837120,115936810,tribunpontianak
431555906011029504,2014-02-06T22:32:00.000Z,0,Ini Alasan Coboy Junior Bubar di Konser ke-150 | Infotainment http://t.co/gxZ6GkpJmm  via @Kabar24,431555906011029504,,,in,,0,0,0,https://x.com/Bisniscom/status/431555906011029504,118646322,Bisniscom
431476293247332352,2014-02-06T17:15:39.000Z,0,"Kangen para AKADEMIA yg sudah TERELIMINASI? Yuup mereka akan kembali dlm ""KONSER NEW AFI E-CLUB"" live MEIS ANCOL, MALAM INI pkl21di INDOSIAR",431476293247332352,,,in,,0,4,2,https://x.com/Indosiar/status/431476293247332352,351999221,Indosiar
431466492861771776,2014-02-06T16:36:42.000Z,2,FOTO: Bubar Coboy Junior Gelar Konser Perpisahan http://t.co/J5JEylFsEy,431466492861771776,,,in,,0,2,4,https://x.com/tempodotco/status/431466492861771776,18129942,tempodotco
431464502907768833,2014-02-06T16:28:48.000Z,2,"Lebih Intim dengan Fans, Bono U2 Ingin Gelar Konser di Indoor http://t.co/NtOYcXpDNn",431464502907768833,,,in,,0,1,2,https://x.com/liputan6dotcom/status/431464502907768833,47596019,liputan6dotcom
431457528753291264,2014-02-06T16:01:05.000Z,4,Ipang 'BIP' Bangga Terlibat di Konser Generasi Muda untuk Cinta Pohon dan Hutan http://t.co/wROUSckwL9 via @detikhot,431457528753291264,,,in,,0,0,6,https://x.com/INDOmenanam/status/431457528753291264,382219110,INDOmenanam
431452525099642880,2014-02-06T15:41:12.000Z,0,Stone Temple Pilots batal konser di Indonesia..mau tahu alasannya? saksikan @ENews_NET pkl. 23.00 yaa,431452525099642880,,,in,,0,1,2,https://x.com/AdaRans_NET/status/431452525099642880,1428031314,AdaRans_NET
431452227287257089,2014-02-06T15:40:01.000Z,0,Yuk berikan dukungan pd 5 finalis Konser Netmovement Bandung untuk berduet bersama Iwan Fals di: http://t.co/7DDpMboKeH #NETKonserBandung,431452227287257089,,,in,,0,2,1,https://x.com/mdtvindonesia/status/431452227287257089,978808357,mdtvindonesia
431452227245314050,2014-02-06T15:40:01.000Z,0,Yuk berikan dukungan pd 5 finalis Konser Netmovement Bandung untuk berduet bersama Iwan Fals di: http://t.co/373S5jQhAh #NETKonserBandung,431452227245314050,,,in,,0,1,0,https://x.com/netmedia_info/status/431452227245314050,118288671,netmedia_info
431450473720066048,2014-02-06T15:33:03.000Z,6,Ipang 'BIP' Bangga Terlibat di Konser Generasi Muda untuk Cinta Pohon dan Hutan http://t.co/QCwsSzGOsg via @detikhot,431450473720066048,,,in,,0,1,91,https://x.com/detikcom/status/431450473720066048,69183155,detikcom
431450263694479360,2014-02-06T15:32:13.000Z,0,aakhirnyaaa RT @dinivaldiani: cc @midiahn “@TabloidBintang: http://t.co/bK7EMh36WB Konferensi Pers Konser Perpisahan Coboy Junior”,431450263694479360,,,in,,0,0,1,https://x.com/midiahn/status/431450263694479360,67659106,midiahn
431449878443876353,2014-02-06T15:30:41.000Z,2,"http://t.co/UusWsKkGSI Setelah ""Konser Perpisahan"" 23 Februari Nanti, Coboy Junior Akan Tinggal Kenangan",431449878443876353,,,in,,0,0,6,https://x.com/tabloidbintang/status/431449878443876353,95854816,tabloidbintang
431447623333998595,2014-02-06T15:21:43.000Z,2,"""@febriansaraah: buah jerih payah semester ini terbyr dngn ipk sempurna dn dpt hadiah nonton konser ... http://t.co/sSI7AwkHEI",431447623333998595,,,in,,0,2,0,https://x.com/HediYunus/status/431447623333998595,58799410,HediYunus
431440107246059521,2014-02-06T14:51:51.000Z,0,#Jogja 14/2/14 20.00 | Konser @KLaProject @ReinKLAnasi | at Grand Pacific Hall | RSVP 085252164343  http://t.co/rtfyyBGiIk,431440107246059521,,,en,,0,1,3,https://x.com/jalanbhakti/status/431440107246059521,84214786,jalanbhakti
431438590380613632,2014-02-06T14:45:50.000Z,3,http://t.co/n6XLfe2hVq Konferensi Pers Konser Perpisahan Coboy Junior,431438590380613632,,,in,,0,1,3,https://x.com/tabloidbintang/status/431438590380613632,95854816,tabloidbintang
431436682521370624,2014-02-06T14:38:15.000Z,1,Ipang 'BIP' Bangga Terlibat di Konser Generasi Muda untuk Cinta Pohon dan Hutan http://t.co/TwFPy7Frp1,431436682521370624,,,in,,0,0,12,https://x.com/detikhot/status/431436682521370624,137282671,detikhot
431432959350939648,2014-02-06T14:23:27.000Z,8,"Bubar, Coboy Junior Menggelar Konser Perpisahan http://t.co/z8QaGSWYD2",431432959350939648,,,in,,0,19,86,https://x.com/Metro_TV/status/431432959350939648,57261519,Metro_TV
431427312223916032,2014-02-06T14:01:01.000Z,1,"Vote Konser Netmovement Suara Untuk Negeri dibuka sampai tgl 9 Feb. So, buruan berpartisipasi dukung finalis favorit km. #NETKonserBandung",431427312223916032,,,in,,0,3,4,https://x.com/mdtvindonesia/status/431427312223916032,978808357,mdtvindonesia
431427312207147010,2014-02-06T14:01:01.000Z,1,"Vote Konser Netmovement Suara Untuk Negeri dibuka sampai tgl 9 Feb. So, buruan berpartisipasi dukung finalis favorit km. #NETKonserBandung",431427312207147010,,,in,,0,0,3,https://x.com/netmedia_info/status/431427312207147010,118288671,netmedia_info
431427251218161664,2014-02-06T14:00:46.000Z,5,"Untuk dptin tiket nonton konser kita di Malaysia, gampang bgt kok.  Cukup gabung di http://t.co/XsbBQaHCuy &amp; kumpulkan poinnya ;) @musikkamu",431427251218161664,,,in,,0,1,18,https://x.com/UNGU_Tweet/status/431427251218161664,141086093,UNGU_Tweet
431427064692875264,2014-02-06T14:00:02.000Z,1,"Yuk, vote video favoritmu disini: http://t.co/373S5jQhAh dukung mereka utk duet bersama Iwan Fals di Konser Netmovement #NETKonserBandung",431427064692875264,,,in,,0,0,2,https://x.com/netmedia_info/status/431427064692875264,118288671,netmedia_info
431427064244092928,2014-02-06T14:00:02.000Z,1,"Yuk, vote video favoritmu disini: http://t.co/7DDpMboKeH dukung mereka utk duet bersama Iwan Fals di Konser Netmovement #NETKonserBandung",431427064244092928,,,in,,0,0,4,https://x.com/mdtvindonesia/status/431427064244092928,978808357,mdtvindonesia
431423849234968577,2014-02-06T13:47:15.000Z,1,"Kalo gak salah di palangkarayaRT @rezarachmanp: @dokterdroid @SDAnanto @kinalJKT48 @Hanna_JKT48 oiya versi konser, konser dimana min?...",431423849234968577,,,in,,0,2,0,https://x.com/dokterdroid/status/431423849234968577,164108428,dokterdroid
431422682950012928,2014-02-06T13:42:37.000Z,0,Versi konser itu:pRT @SDAnanto: @dokterdroid @kinalJKT48 @rezarachmanp @Hanna_JKT48 #HimawariBukanVersiTheatee hahah,431422682950012928,,,in,,0,1,0,https://x.com/dokterdroid/status/431422682950012928,164108428,dokterdroid
431422151778779138,2014-02-06T13:40:31.000Z,0,"Bubar, Coboy Junior Gelar Konser Perpisahan - Tempo.co http://t.co/zHidfm9oUM #Balikpapan",431422151778779138,,,in,,0,0,2,https://x.com/IklanBalikpapan/status/431422151778779138,389557442,IklanBalikpapan
431419519660085249,2014-02-06T13:30:03.000Z,2,"http://t.co/teXb4lNjcv Konser Perpisahan, Kiki Cs Siap Tinggalkan Nama Coboy Junior",431419519660085249,,,in,,0,2,26,https://x.com/KapanLagicom/status/431419519660085249,31355801,KapanLagicom
431415861321424896,2014-02-06T13:15:31.000Z,0,"14 Feb: Konser 40 Tahun Erros Djarot Berkarya I Plenary Hall JCC I Iwan Fals, The Sigit etc I Info http://t.co/L1w5pFyYLZ",431415861321424896,,,in,,0,1,3,https://x.com/gigsplay/status/431415861321424896,68825482,gigsplay
431415533624254466,2014-02-06T13:14:13.000Z,0,"Pastikan Bubar, Coboy Junior Gelar Konser Perpisahan http://t.co/6eHq3o2OUV (HalloRiau)",431415533624254466,,,in,,0,1,0,https://x.com/infoRIAU/status/431415533624254466,172425532,infoRIAU
431411125624643585,2014-02-06T12:56:42.000Z,5,"Buat yg kemarin nggak hadir di Konser Amal HELO #CharityForManado di HRC - JKT, hadir deh SEKARANG di Konser Amal HELO di Colosseum - JKT.!!",431411125624643585,,,in,,0,0,25,https://x.com/slankdotcom/status/431411125624643585,17166826,slankdotcom
431410488929300480,2014-02-06T12:54:10.000Z,0,Gimana Kang Ridwan? :) RT @aciieedd: Pak @ridwankamil temenin nonton konser irreplaceable atuh yuk biar ngegalau bareng @KahitnaFull :(,431410488929300480,,,in,,0,0,0,https://x.com/kataKahitna/status/431410488929300480,84981762,kataKahitna
431410270800326658,2014-02-06T12:53:18.000Z,3,"Bubar, Coboy Junior Gelar Konser Perpisahan http://t.co/ewriy0A9bq",431410270800326658,,,in,,0,7,6,https://x.com/tempodotco/status/431410270800326658,18129942,tempodotco
431409451023618048,2014-02-06T12:50:02.000Z,2,"http://t.co/n6fLbc44HJ Konser Amal, Once 'Disawer' Rp 10 Juta",431409451023618048,,,in,,0,0,6,https://x.com/KapanLagicom/status/431409451023618048,31355801,KapanLagicom
431406636263952384,2014-02-06T12:38:51.000Z,5,"#HeloIndonesia adalah tema konser amal malam ini di @ColosseumJKT.  @slankdotcom  brg musisi lain seperti Once, Kikan dll, akn tampil lagi.",431406636263952384,,,in,,0,5,41,https://x.com/AbdeeNegara/status/431406636263952384,27839691,AbdeeNegara
431406429207949312,2014-02-06T12:38:02.000Z,0,"mungkin kalo konser kan kita bisa undang @weare_BLOCKADE , mereka kan juga penghuni Tribun Utara :) Cc : @ankgasuckma",431406429207949312,,,in,,0,3,9,https://x.com/Green_Nord27/status/431406429207949312,602565388,Green_Nord27
431389213716541440,2014-02-06T11:29:38.000Z,0,"Nasib Coboy Junior Masih Gelap: ""Ini konser terakhir pakai nama Coboy Junior dan konser terakhir mereka beremp... http://t.co/SvTVLLbGTt",431389213716541440,,,in,,0,0,0,https://x.com/WartaKota/status/431389213716541440,70139265,WartaKota
431387280222068737,2014-02-06T11:21:57.000Z,0,"Sebelum Bubar ""Coboy Junior"" Gelar Konser Perpisahan http://t.co/kZ7h1G9wce",431387280222068737,,,in,,0,3,2,https://x.com/Beritasatu/status/431387280222068737,154102750,Beritasatu
431383861079965696,2014-02-06T11:08:21.000Z,0,Akupun mau :)) RT @alfdjones: KartuPos kalo ada konser Coldplay yg deket lagi kabarin dong :D,431383861079965696,,,in,,0,5,0,https://x.com/KartuPos/status/431383861079965696,532018404,KartuPos
431383148044107776,2014-02-06T11:05:31.000Z,1,"Biasanya aku bikin trip kalau sudah ngerasain sendiri. Suka sama Iceland, aku bikin. Cinta sama New York, buat. Seneng nonton konser, ayo.",431383148044107776,,,in,,0,4,0,https://x.com/KartuPos/status/431383148044107776,532018404,KartuPos
431380870604156928,2014-02-06T10:56:28.000Z,0,(1/4) NET ingin beri apresiasi bagi kamu yg komen keren bagi Konser Iwan Fals Suara Untuk Negeri Medan. Buat kamu yg akunnya mimin sebut...,431380870604156928,,,in,,0,1,4,https://x.com/mdtvindonesia/status/431380870604156928,978808357,mdtvindonesia
431379739215818752,2014-02-06T10:51:59.000Z,13,"#1Dinfo Slama3thn,1D udh bikin3Album,buat8lgu terpopuler,Dpt5RekorDunia,konser dilebih 100Negara,Dpt130Penghargaan&amp;MemilikiFansTerbanyak :')",431379739215818752,,,in,,0,2,102,https://x.com/onedindonessia/status/431379739215818752,511390661,onedindonessia
431375951688368128,2014-02-06T10:36:56.000Z,1,"Bubar, Coboy Junior Adakan Konser Perpisahan http://t.co/QfLGFHXBsx",431375951688368128,,,in,,0,0,11,https://x.com/banjarmasinpost/status/431375951688368128,65639033,banjarmasinpost
431375258290257920,2014-02-06T10:34:10.000Z,2,"Idol Grupnya Pinter, ngasilin banyak duit. Penggemarnya ya bego, nabung buat nonton konser, pengen foto bareng hrs ngedit, salaman bayar",431375258290257920,,,in,,0,10,98,https://x.com/negativisme/status/431375258290257920,43486890,negativisme
431375026005110785,2014-02-06T10:33:15.000Z,2,Apa Makna Konser Perpisahan Coboy Junior? http://t.co/8Hq3D5Hz0Z,431375026005110785,,,in,,0,1,11,https://x.com/detikhot/status/431375026005110785,137282671,detikhot
431374394439774208,2014-02-06T10:30:44.000Z,0,Kapan lagi nonton Konser @Cherrybelleindo .Mumpung dekat di Cirebon lho. Tiketnya Hub @Locomotiv_CNVX atau @CirebonTiket,431374394439774208,,,in,,0,0,0,https://x.com/AboutCirebonID/status/431374394439774208,278855466,AboutCirebonID
431372346536898561,2014-02-06T10:22:36.000Z,4,Coboy Junior Siap Gelar Konser Perpisahan http://t.co/1TnG5e21VM,431372346536898561,,,in,,0,1,15,https://x.com/detikhot/status/431372346536898561,137282671,detikhot
431367176239726592,2014-02-06T10:02:03.000Z,0,"Konser Megah di 40 Tahun Erros Djarot Berkarya, Dapatkan Tiketnya di sini http://t.co/BSHafO34Bp Plenary Hall JCC 14 Februari 2014",431367176239726592,,,in,,0,0,0,https://x.com/tiket/status/431367176239726592,276788200,tiket
431356387864477696,2014-02-06T09:19:11.000Z,1,"Setelah ""Konser Perpisahan"" 23 Februari Nanti, Coboy Junior BUBAR! http://t.co/vuq3cfoHGt",431356387864477696,,,in,,0,1,8,https://x.com/tabloidbintang/status/431356387864477696,95854816,tabloidbintang
431356315596640256,2014-02-06T09:18:54.000Z,0,"Setelah ""Konser Perpisahan"" 23 Februari Nanti, Coboy Junior Akan Tinggal Kenangan http://t.co/vuq3cfoHGt",431356315596640256,,,in,,0,0,5,https://x.com/tabloidbintang/status/431356315596640256,95854816,tabloidbintang
431354129467076608,2014-02-06T09:10:13.000Z,2,Hadiahnya? 6 tiket konser Bruno Mars : Moonshine Jungle Tour untuk 3 pasangan yang beruntung :D ayoo ikutan #ValentineFairLawson,431354129467076608,,,in,,0,1,0,https://x.com/LawsonIndonesia/status/431354129467076608,296605257,LawsonIndonesia
431350309034942464,2014-02-06T08:55:02.000Z,1,Konser 40 Tahun Erros Djarot Berkarya http://t.co/BzDo6hJPkC,431350309034942464,,,in,,0,0,2,https://x.com/gigsplay/status/431350309034942464,68825482,gigsplay
431344011194818560,2014-02-06T08:30:00.000Z,1,Glenn Fredly Konser Teater Sabda Rindu || 26 Mar 2014 || Graha Bakti Budaya Taman Ismail Marzuki #JustClick http://t.co/rtWR93eTll,431344011194818560,,,in,,0,1,3,https://x.com/rajakarcis/status/431344011194818560,85624851,rajakarcis
431342593457152001,2014-02-06T08:24:22.000Z,2,"Konser Peduli Bencana 
 http://t.co/MRF6L8WlJE",431342593457152001,,,in,,0,0,0,https://x.com/hariankompas/status/431342593457152001,255866913,hariankompas
431341940122996736,2014-02-06T08:21:47.000Z,0,B.A.P Siap Adakan Konser Eksklusif Maret Mendatang http://t.co/2IHtd7ZiIz,431341940122996736,,,in,,0,0,3,https://x.com/ShareInfoBaik/status/431341940122996736,385402204,ShareInfoBaik
431333956479246336,2014-02-06T07:50:03.000Z,2,"http://t.co/A9c6hVN2zJ Konser Koin, Slank Kumpulkan Rp 160 Juta Untuk Manado",431333956479246336,,,in,,0,0,8,https://x.com/KapanLagicom/status/431333956479246336,31355801,KapanLagicom
431327167494893568,2014-02-06T07:23:05.000Z,0,[Showbiz] Konser Puluhan Musisi Bantu Korbgan Sinabung http://t.co/jwGBWuRZ1H,431327167494893568,,,in,,0,0,0,https://x.com/pikiran_rakyat/status/431327167494893568,58880688,pikiran_rakyat
431322291884933120,2014-02-06T07:03:42.000Z,0,"Sebentar lagi akan ada kuis @RollingStoneIna, berhadiah 3 Free Entry Pass Konser @ARILASSO_INFO di @RSCafeINA  tgl 19/02/14. #RSIQUIZ",431322291884933120,,,in,,0,0,3,https://x.com/RollingStoneINA/status/431322291884933120,51796251,RollingStoneINA
431321362410377216,2014-02-06T07:00:01.000Z,0,Saksikan Konser &amp; Launching Mini Album @Aligovocalmusic | FREE Entry | 16-02-20 di Kampoeng Popsa (13.00-16.30 wita),431321362410377216,,,in,,0,0,1,https://x.com/SupirPete2/status/431321362410377216,172790109,SupirPete2
431315448097820672,2014-02-06T06:36:30.000Z,0,Abdee Slank dkk Gelar Konser Amal untuk Korban Bencana Alam http://t.co/7HC1CQX3pC,431315448097820672,,,in,,0,0,2,https://x.com/LangitMusik/status/431315448097820672,115588582,LangitMusik
431305164188692480,2014-02-06T05:55:39.000Z,15,"#SlankDiary Di Konser #HELO tadi malam, personil SLANK ada yg mendadak lelang gitar lho ~&gt; http://t.co/dDxlW1GFO1 http://t.co/WU8XM9jIQK",431305164188692480,https://pbs.twimg.com/media/BfvC7fICUAARaQT.jpg,,in,,0,2,62,https://x.com/slankdotcom/status/431305164188692480,17166826,slankdotcom
431303775178219521,2014-02-06T05:50:07.000Z,0,http://t.co/a09xhoo2Tp Niall Horan Temui Taylor Swift Sebelum Konser di Inggris?,431303775178219521,,,in,,0,2,13,https://x.com/KapanLagicom/status/431303775178219521,31355801,KapanLagicom
431301734594396160,2014-02-06T05:42:01.000Z,8,Hadir yah di Konser Amal #HELO Colosseum Club - JKT!! Sore ini mulai jam 18.00 WIB HARI INI!! http://t.co/XuacUyQ4Jp  http://t.co/1f5dcgiGHn,431301734594396160,https://pbs.twimg.com/media/BfvBfFECMAAaBPe.jpg,,in,,0,5,41,https://x.com/slankdotcom/status/431301734594396160,17166826,slankdotcom
431298733683138560,2014-02-06T05:30:05.000Z,2,Dara Beberkan Persiapan 2NE1 Menjelang Konser http://t.co/iYJEW1N1pI,431298733683138560,,,in,,0,0,3,https://x.com/liputan6dotcom/status/431298733683138560,47596019,liputan6dotcom
431283739726184448,2014-02-06T04:30:31.000Z,0,Inilah lay out dan harga tiket konser Cherrybelle di Cirebon http://t.co/tUETxEQnWM Pembelian tiket hub @Locomotiv_CNVX atau @CirebonTiket,431283739726184448,,,in,,0,0,0,https://x.com/AboutCirebonID/status/431283739726184448,278855466,AboutCirebonID
431274097654247424,2014-02-06T03:52:12.000Z,0,Minggu dpn mulai live di Konser Nominasi..setiap hari juga pk.18.00 WIB RT @DagusThione: @DAcademyID info ... http://t.co/Czfa2keXzU,431274097654247424,,,in,,0,1,2,https://x.com/DAcademyID/status/431274097654247424,2150507534,DAcademyID
431268600197169153,2014-02-06T03:30:21.000Z,0,"Smg berkah:-)""@cantsaynotohope: Tadi malam, ada yang kasih sumbangan di konser ""Senandung Untuk Negeri"" sebanyak 100 juta rupiah, tunai! :O""",431268600197169153,,,in,,0,0,5,https://x.com/payungteduh/status/431268600197169153,195416287,payungteduh
431255942202925057,2014-02-06T02:40:03.000Z,3,"http://t.co/vtAuKZZNTJ Peduli Bencana, Para Musisi Hebat Gelar Konser Koin!",431255942202925057,,,in,,0,0,6,https://x.com/KapanLagicom/status/431255942202925057,31355801,KapanLagicom
431246664381526016,2014-02-06T02:03:11.000Z,2,"Supergirlies Ngedangdut, IDP Akustikan di Konser KOIN http://t.co/ou97FHnDay via @detikhot",431246664381526016,,,in,,0,1,13,https://x.com/detikcom/status/431246664381526016,69183155,detikcom
431242303911776256,2014-02-06T01:45:52.000Z,1,"Supergirlies Ngedangdut, IDP Akustikan di Konser KOIN http://t.co/6PaXGxHpBR",431242303911776256,,,in,,0,1,3,https://x.com/detikhot/status/431242303911776256,137282671,detikhot
431241929649836032,2014-02-06T01:44:22.000Z,6,"Mudah2an aja ada yg ngundang kesana ya ""@RizkiMArtin29: @ViaVallen01. Kak vy kapan nih gelar konser di ... http://t.co/f3PWPhuPR0",431241929649836032,,,in,,0,3,5,https://x.com/ViaVallen01/status/431241929649836032,237330187,ViaVallen01
431233454626177024,2014-02-06T01:10:42.000Z,17,"Dengan menyesal menginformasikan pembatalan konser di Cengkareng, 8 Feb karena masalah perijinan dari kepolisian.... http://t.co/MKRJ1evHVU",431233454626177024,,,in,,0,53,291,https://x.com/SID_Official/status/431233454626177024,77950723,SID_Official
431230986597453825,2014-02-06T01:00:53.000Z,0,"BANDUNG!!! Bersiap ya, Konser ""Suara Untuk Negeri"" bersama Iwan Fals akan datang ke kotamu. #NETKonserBandung http://t.co/jjrbYj1Yzl",431230986597453825,,,in,,0,0,5,https://x.com/netmedia_info/status/431230986597453825,118288671,netmedia_info
431230986320642048,2014-02-06T01:00:53.000Z,0,"BANDUNG!!! Bersiap ya, Konser ""Suara Untuk Negeri"" bersama Iwan Fals akan datang ke kotamu. #NETKonserBandung http://t.co/8093cEYzu0",431230986320642048,,,in,,0,0,18,https://x.com/mdtvindonesia/status/431230986320642048,978808357,mdtvindonesia
431222334129590273,2014-02-06T00:26:30.000Z,1,Konser KOIN Sumbang Rp 400 Juta untuk Manado http://t.co/m8S39DarEx,431222334129590273,,,in,,0,0,5,https://x.com/detikhot/status/431222334129590273,137282671,detikhot
431222192601178112,2014-02-06T00:25:57.000Z,3,Konser KOIN Sumbang Rp 400 Juta untuk Manado http://t.co/nATIbz5Srw via @detikhot,431222192601178112,,,in,,0,0,24,https://x.com/detikcom/status/431222192601178112,69183155,detikcom
431218013308600321,2014-02-06T00:09:20.000Z,0,"@Ranergltm gan, nadila fleur special konser semarang nya 30k oke. Cod minggu tgl 9 ya.",431218013308600321,,Ranergltm,in,,0,0,0,https://x.com/sipiqi/status/431218013308600321,221879267,sipiqi
431214227181674496,2014-02-05T23:54:17.000Z,0,"http://t.co/Ph251w0E2u Gelar Konser Perpisahan, Tanda Coboy Junior Bakal Bubar?: Kabar meng... http://t.co/2UGcZ6TSYT Local Breaking News",431214227181674496,,,in,,0,0,0,https://x.com/tribuntimur/status/431214227181674496,80885324,tribuntimur
431206613249036288,2014-02-05T23:24:02.000Z,1,[VIDEO] Abdee Slank dkk Gelar Konser Amal untuk Korban Bencana Alam http://t.co/VfPRxORPK0,431206613249036288,,,in,,0,0,7,https://x.com/liputan6dotcom/status/431206613249036288,47596019,liputan6dotcom
431204258419965953,2014-02-05T23:14:41.000Z,0,Michael Learns To Rock Bakal Konser di Gandaria City Jakarta: Michael Learns To Rock menyambangi Jakarta dalam... http://t.co/8obySEf2I6,431204258419965953,,,in,,0,0,0,https://x.com/WartaKota/status/431204258419965953,70139265,WartaKota
431176228452589568,2014-02-05T21:23:18.000Z,0,"Seni - Bantu Korban Bencana, Puluhan Artis Gelar Konser   http://t.co/dWo6WSgoAT",431176228452589568,,,in,,0,0,1,https://x.com/temponewsroom/status/431176228452589568,88352716,temponewsroom
431152255442509824,2014-02-05T19:48:02.000Z,0,Liputan6 Malam 05-02-2014 3 Konser Penghormatan The Beatles http://t.co/EvMmorXND3,431152255442509824,,,in,,0,0,2,https://x.com/liputan6dotcom/status/431152255442509824,47596019,liputan6dotcom
431129091157131265,2014-02-05T18:15:59.000Z,0,Abdee Slank dkk Gelar Konser Amal untuk Korban Bencana Alam http://t.co/e916SrLz1x http://t.co/6cr8ykeBNk,431129091157131265,https://pbs.twimg.com/media/BfuRpfXCEAAm562.jpg,,in,,0,1,8,https://x.com/liputan6dotcom/status/431129091157131265,47596019,liputan6dotcom
431116033613914112,2014-02-05T17:24:06.000Z,0,"Gitar Abdee ""Slank"" Terjual Rp. 100 Juta di Konser Senandung Untuk Negeri! http://t.co/JteMwISWXD",431116033613914112,,,in,,0,1,44,https://x.com/HaiMagazine/status/431116033613914112,32358893,HaiMagazine
431107276297220096,2014-02-05T16:49:18.000Z,2,"Slank, Cherrybelle, Pee Wee Gaskins Meriahkan Konser Amal Untuk Manado http://t.co/vJ4BHWfr7f",431107276297220096,,,in,,0,2,52,https://x.com/HaiMagazine/status/431107276297220096,32358893,HaiMagazine
431081794536894464,2014-02-05T15:08:03.000Z,1,Abdee Slank dkk Gelar Konser Amal untuk Korban Bencana Alam http://t.co/s3kE62QkB6,431081794536894464,,,in,,0,2,14,https://x.com/liputan6dotcom/status/431081794536894464,47596019,liputan6dotcom
431080464108244992,2014-02-05T15:02:46.000Z,0,"http://t.co/AZmtiBFzLU Gelar Konser Perpisahan, Coboy Junior Resmi Lepas Iqbaal?",431080464108244992,,,in,,0,0,1,https://x.com/tabloidbintang/status/431080464108244992,95854816,tabloidbintang
431075444457082881,2014-02-05T14:42:49.000Z,3,"""@Locomotiv_CNVX Dari Cherrybelle u/ konser di Cirebon 8Maret2014 #justclick http://t.co/gxJUAQmKsB @Twibies_MJL @TwibiCRB @OFC_TwibiKabCRB""",431075444457082881,,,ht,,0,0,7,https://x.com/Twibi_Official/status/431075444457082881,313252129,Twibi_Official
431057588315492352,2014-02-05T13:31:52.000Z,0,Kapan lagi nonton Konser @Cherrybelleindo .Mumpung dekat di Cirebon lho. Tiketnya Hub @Locomotiv_CNVX atau @CirebonTiket,431057588315492352,,,in,,0,1,0,https://x.com/AboutCirebonID/status/431057588315492352,278855466,AboutCirebonID
431057261885390848,2014-02-05T13:30:34.000Z,1,"Saksikan Konser ""Suara Untuk Negeri"" 16 Feb jam 8PM di Lap. Brigif 15 Kujang, Bandung. GRATIS! #NETKonserBandung http://t.co/xrq3FKXjDI",431057261885390848,,,in,,0,1,21,https://x.com/mdtvindonesia/status/431057261885390848,978808357,mdtvindonesia
431057261805727744,2014-02-05T13:30:34.000Z,1,"Saksikan Konser ""Suara Untuk Negeri"" 16 Feb jam 8PM di Lap. Brigif 15 Kujang, Bandung. GRATIS! #NETKonserBandung http://t.co/3hyRuEtIMA",431057261805727744,,,in,,0,1,2,https://x.com/netmedia_info/status/431057261805727744,118288671,netmedia_info
431053371735146496,2014-02-05T13:15:07.000Z,11,Sumbangan masuk Konser Amal #HELO Rp.100ribu n' donasi bisa ke Rek BCA 5005601166 a.n bersama Andre J.O Sumual dan Angling Gading Martin,431053371735146496,,,in,,0,2,43,https://x.com/slankdotcom/status/431053371735146496,17166826,slankdotcom
431047065309704192,2014-02-05T12:50:03.000Z,1,"http://t.co/WdVZ2KbUJt 10 Tahun Berkiprah, Repvblik Siapkan Konser Akbar Gratis",431047065309704192,,,in,,0,0,3,https://x.com/KapanLagicom/status/431047065309704192,31355801,KapanLagicom
431046238545248256,2014-02-05T12:46:46.000Z,3,#1dinfo Sony Music IndonesiaOptimis&amp; Akan tetap berusaha agar One Direction bisa konser di Indonesia untuk Where We Are Tour2014 nanti,431046238545248256,,,in,,0,1,77,https://x.com/onedindonessia/status/431046238545248256,511390661,onedindonessia
431044454762307585,2014-02-05T12:39:41.000Z,0,Korban Banjir Manado Diusir dalam Konser Amal http://t.co/sFcARNBzNm,431044454762307585,,,in,,0,1,1,https://x.com/Beritasatu/status/431044454762307585,154102750,Beritasatu
431038021937270786,2014-02-05T12:14:07.000Z,0,"#LoveBox KAHITNA isinya pernak-pernik Soulmate + 2 tiket konser + kesempatan dapet Backstage Access, cek tweet sebelum ini ya :)",431038021937270786,,,in,,0,0,8,https://x.com/kataKahitna/status/431038021937270786,84981762,kataKahitna
433888321647833094,2014-02-13T09:00:11.000Z,0,Saksikan Konser &amp; Launching Mini Album @Aligovocalmusic | FREE Entry | 16-02-2014 di Kampoeng Popsa (13.00-16.30 wita),433888321647833094,,,in,,0,0,2,https://x.com/SupirPete2/status/433888321647833094,172790109,SupirPete2
432105020050251776,2014-02-08T10:53:59.000Z,0,Yg lain jg vote dong yuk RT @YuvitaDhita: Aku udah vote finalis kompetisi duet bareng Iwan Fals di Konser Suara Negeri Bandung @netmediatama,432105020050251776,,,in,,0,1,0,https://x.com/mdtvindonesia/status/432105020050251776,978808357,mdtvindonesia
431741711904038912,2014-02-07T10:50:20.000Z,1,"colek bos nya kickfest @ryanelha :) RT @AzhaAkbar: Bang, main di kickfest malang dong. Kangen nih, pengen liat konser pwg live @PWGofficial",431741711904038912,,,in,,0,2,14,https://x.com/PWGofficial/status/431741711904038912,19279420,PWGofficial
431701059417800704,2014-02-07T08:08:47.000Z,0,Ipang 'BIP' Bangga Terlibat di Konser Generasi Muda untuk Cinta Pohon dan Hutan http://t.co/68PU1JYBY6,431701059417800704,,,in,,0,0,0,https://x.com/LangitMusik/status/431701059417800704,115588582,LangitMusik
431653556819476480,2014-02-07T05:00:02.000Z,0,Saksikan Konser &amp; Launching Mini Album @Aligovocalmusic | FREE Entry | 16-02-20 di Kampoeng Popsa (13.00-16.30 wita),431653556819476480,,,in,,0,0,0,https://x.com/SupirPete2/status/431653556819476480,172790109,SupirPete2
431614883902156800,2014-02-07T02:26:22.000Z,3,Coboy Junior akan menggelar konser terakhir mereka! Intip infonya di http://t.co/LRbZqOvOuP http://t.co/0G1tCYbcWi,431614883902156800,,,in,,0,1,10,https://x.com/majalah_bobo/status/431614883902156800,181405498,majalah_bobo
431610098536837120,2014-02-07T02:07:21.000Z,2,"Konser Perpisahan Coboy Junior Bakal Ukir Sejarah: ""Belum ada sejarahnya di Indonesia farewell concert. Jadi i... http://t.co/MQYEVmD82J",431610098536837120,,,in,,0,1,17,https://x.com/tribunpontianak/status/431610098536837120,115936810,tribunpontianak
431555906011029504,2014-02-06T22:32:00.000Z,0,Ini Alasan Coboy Junior Bubar di Konser ke-150 | Infotainment http://t.co/gxZ6GkpJmm  via @Kabar24,431555906011029504,,,in,,0,0,0,https://x.com/Bisniscom/status/431555906011029504,118646322,Bisniscom
431476293247332352,2014-02-06T17:15:39.000Z,0,"Kangen para AKADEMIA yg sudah TERELIMINASI? Yuup mereka akan kembali dlm ""KONSER NEW AFI E-CLUB"" live MEIS ANCOL, MALAM INI pkl21di INDOSIAR",431476293247332352,,,in,,0,4,2,https://x.com/Indosiar/status/431476293247332352,351999221,Indosiar
431466492861771776,2014-02-06T16:36:42.000Z,2,FOTO: Bubar Coboy Junior Gelar Konser Perpisahan http://t.co/J5JEylFsEy,431466492861771776,,,in,,0,2,4,https://x.com/tempodotco/status/431466492861771776,18129942,tempodotco
431464502907768833,2014-02-06T16:28:48.000Z,2,"Lebih Intim dengan Fans, Bono U2 Ingin Gelar Konser di Indoor http://t.co/NtOYcXpDNn",431464502907768833,,,in,,0,1,2,https://x.com/liputan6dotcom/status/431464502907768833,47596019,liputan6dotcom
431457528753291264,2014-02-06T16:01:05.000Z,4,Ipang 'BIP' Bangga Terlibat di Konser Generasi Muda untuk Cinta Pohon dan Hutan http://t.co/wROUSckwL9 via @detikhot,431457528753291264,,,in,,0,0,6,https://x.com/INDOmenanam/status/431457528753291264,382219110,INDOmenanam
431452525099642880,2014-02-06T15:41:12.000Z,0,Stone Temple Pilots batal konser di Indonesia..mau tahu alasannya? saksikan @ENews_NET pkl. 23.00 yaa,431452525099642880,,,in,,0,1,2,https://x.com/AdaRans_NET/status/431452525099642880,1428031314,AdaRans_NET
431452227287257089,2014-02-06T15:40:01.000Z,0,Yuk berikan dukungan pd 5 finalis Konser Netmovement Bandung untuk berduet bersama Iwan Fals di: http://t.co/7DDpMboKeH #NETKonserBandung,431452227287257089,,,in,,0,2,1,https://x.com/mdtvindonesia/status/431452227287257089,978808357,mdtvindonesia
431452227245314050,2014-02-06T15:40:01.000Z,0,Yuk berikan dukungan pd 5 finalis Konser Netmovement Bandung untuk berduet bersama Iwan Fals di: http://t.co/373S5jQhAh #NETKonserBandung,431452227245314050,,,in,,0,1,0,https://x.com/netmedia_info/status/431452227245314050,118288671,netmedia_info
431450473720066048,2014-02-06T15:33:03.000Z,6,Ipang 'BIP' Bangga Terlibat di Konser Generasi Muda untuk Cinta Pohon dan Hutan http://t.co/QCwsSzGOsg via @detikhot,431450473720066048,,,in,,0,1,91,https://x.com/detikcom/status/431450473720066048,69183155,detikcom
431450263694479360,2014-02-06T15:32:13.000Z,0,aakhirnyaaa RT @dinivaldiani: cc @midiahn “@TabloidBintang: http://t.co/bK7EMh36WB Konferensi Pers Konser Perpisahan Coboy Junior”,431450263694479360,,,in,,0,0,1,https://x.com/midiahn/status/431450263694479360,67659106,midiahn
431449878443876353,2014-02-06T15:30:41.000Z,2,"http://t.co/UusWsKkGSI Setelah ""Konser Perpisahan"" 23 Februari Nanti, Coboy Junior Akan Tinggal Kenangan",431449878443876353,,,in,,0,0,6,https://x.com/tabloidbintang/status/431449878443876353,95854816,tabloidbintang
431447623333998595,2014-02-06T15:21:43.000Z,2,"""@febriansaraah: buah jerih payah semester ini terbyr dngn ipk sempurna dn dpt hadiah nonton konser ... http://t.co/sSI7AwkHEI",431447623333998595,,,in,,0,2,0,https://x.com/HediYunus/status/431447623333998595,58799410,HediYunus
431440107246059521,2014-02-06T14:51:51.000Z,0,#Jogja 14/2/14 20.00 | Konser @KLaProject @ReinKLAnasi | at Grand Pacific Hall | RSVP 085252164343  http://t.co/rtfyyBGiIk,431440107246059521,,,en,,0,1,3,https://x.com/jalanbhakti/status/431440107246059521,84214786,jalanbhakti
431405648287244288,2014-02-06T12:34:56.000Z,1,"Pertama, @CapoIpul Dzikir bersama u/ Persebaya. Kedua, @habiburrism konser gratis bertujuan edukasi + sosialisasi perbedaan Persebaya.",431405648287244288,,,in,,0,1,6,https://x.com/Green_Nord27/status/431405648287244288,602565388,Green_Nord27
431405173588508672,2014-02-06T12:33:03.000Z,9,"Yg gak sempat nyumbang semalam, Malam ini ada lagi Konser Amal dari teman2 | @MsyPeduli @Action4HopeID di @ColosseumJKT JKT Kota Tua.",431405173588508672,,,in,,0,3,38,https://x.com/AbdeeNegara/status/431405173588508672,27839691,AbdeeNegara
431404919719854080,2014-02-06T12:32:02.000Z,1,Bono U2 Inginkan Konser di Indoor http://t.co/4W3usrjOmt,431404919719854080,,,in,,0,0,3,https://x.com/liputan6dotcom/status/431404919719854080,47596019,liputan6dotcom
431404481826529280,2014-02-06T12:30:18.000Z,3,Karaoke lagu Ungu favorit kamu dan kita bakalan kasih kamu tiket nonton konser kamu di Kuala Lumpur! Mau? tekan *123*321# dari Hpmu @XL123,431404481826529280,,,in,,0,5,25,https://x.com/UNGU_Tweet/status/431404481826529280,141086093,UNGU_Tweet
431403921278382080,2014-02-06T12:28:04.000Z,0,"Ikuttt :) ""@inoy_aneeqa: Konser Tribute to @adenlife at Dago Tea House..be there ya temans..@Suby_Ina bakal tampil bawain ""Ketika Cinta",431403921278382080,,,in,,0,0,0,https://x.com/Tausiyahku/status/431403921278382080,538932890,Tausiyahku
431402290457481217,2014-02-06T12:21:35.000Z,1,Foto-Foto Preskon Konser Perpisahan Coboy Junior http://t.co/O1C3TBBzjz,431402290457481217,,,in,,0,0,4,https://x.com/tabloidbintang/status/431402290457481217,95854816,tabloidbintang
431401941491400704,2014-02-06T12:20:12.000Z,1,"iya knp gak dr 5taun lalu RT @satya_pradana: Pasti u sedih kak @midiahn?""@detikcom: Gelar Konser Perpisahan, Ini Alasan Coboy Junior Bubar",431401941491400704,,,in,,0,1,4,https://x.com/midiahn/status/431401941491400704,67659106,midiahn
431401653829246976,2014-02-06T12:19:03.000Z,0,Km udh bs vote 5 finalis yg jd favorit km utk Konser Netmovement Bandung di: http://t.co/373S5jQhAh #NETKonserBandung cc: @ENews_NET,431401653829246976,,,in,,0,0,0,https://x.com/netmedia_info/status/431401653829246976,118288671,netmedia_info
431401605246636032,2014-02-06T12:18:52.000Z,1,Km udh bs vote 5 finalis yg jd favorit km utk Konser Netmovement Bandung di: http://t.co/373S5jQhAh #NETKonserBandung cc: @musicevery_NET,431401605246636032,,,in,,0,1,1,https://x.com/netmedia_info/status/431401605246636032,118288671,netmedia_info
431401568945315840,2014-02-06T12:18:43.000Z,0,Km udh bs vote 5 finalis yg jd favorit km utk Konser Netmovement Bandung di: http://t.co/yCCjnjaewW #NETKonserBandung cc: @BREAKOUTNET,431401568945315840,,,in,,0,0,0,https://x.com/netmedia_info/status/431401568945315840,118288671,netmedia_info
431401477790126080,2014-02-06T12:18:22.000Z,0,Km udh bs vote 5 finalis yg jd favorit km utk Konser Netmovement Bandung di: http://t.co/373S5jQhAh #NETKonserBandung cc: @TheComment_NET,431401477790126080,,,in,,0,0,1,https://x.com/netmedia_info/status/431401477790126080,118288671,netmedia_info
431400001638367232,2014-02-06T12:12:30.000Z,19,"Gelar Konser Perpisahan, Ini Alasan Coboy Junior Bubar http://t.co/DRu1w52h5s via @detikforum",431400001638367232,,,in,,0,17,119,https://x.com/detikcom/status/431400001638367232,69183155,detikcom
431046011763429376,2014-02-06T12:11:14.000Z,0,Alhamdulilah baik @AssyanaAliando datang aja pas konser @DAcademyID insyaallah bisa ketemu,431399686549676032,,AssyanaAliando,in,,0,2,0,https://x.com/BENIQNO99/status/431399686549676032,331041385,BENIQNO99
431399585483730944,2014-02-06T12:10:50.000Z,0,Ada 5 finalis terpilih &amp; akan dipilih satu oleh bang Iwan Fals untuk berduet bersama di Konser Netmovement Bandung. #NETKonserBandung,431399585483730944,,,in,,0,0,2,https://x.com/netmedia_info/status/431399585483730944,118288671,netmedia_info
431399585471160321,2014-02-06T12:10:50.000Z,0,Ada 5 finalis terpilih &amp; akan dipilih satu oleh bang Iwan Fals untuk berduet bersama di Konser Netmovement Bandung. #NETKonserBandung,431399585471160321,,,in,,0,1,4,https://x.com/mdtvindonesia/status/431399585471160321,978808357,mdtvindonesia
431080761182015488,2014-02-06T12:08:38.000Z,0,Insyaallah tgl 10 feb jam 6 sore @adepurplee mudah2an teman ade bisa sampai konser,431399032238256128,,adepurplee,in,,0,0,0,https://x.com/BENIQNO99/status/431399032238256128,331041385,BENIQNO99
431398254027083778,2014-02-06T12:05:33.000Z,1,Coboy Junior siap gelar konser perpisahan http://t.co/gMLMhTcIEy,431398254027083778,,,in,,0,7,3,https://x.com/antaranews/status/431398254027083778,18071520,antaranews
431397284035567617,2014-02-06T12:01:42.000Z,6,Apa Makna Konser Perpisahan Coboy Junior? http://t.co/MG0Fl7MuhH via @detikhot,431397284035567617,,,in,,0,9,44,https://x.com/detikcom/status/431397284035567617,69183155,detikcom
431393780311130112,2014-02-06T11:47:46.000Z,0,Aktor dan penyanyi asal Korea Selatan @JungMin0403 telah mengadakan konser solonya di Rusia. Simak @ENews_NET @netmediatama,431393780311130112,,,in,,0,0,2,https://x.com/AdaRans_NET/status/431393780311130112,1428031314,AdaRans_NET
431389339151368192,2014-02-06T11:30:07.000Z,6,"http://t.co/xJyyMccXjJ Resmi Bubar, Coboy Junior Siapkan Konser Perpisahan",431389339151368192,,,in,,0,8,43,https://x.com/KapanLagicom/status/431389339151368192,31355801,KapanLagicom
431389213716541440,2014-02-06T11:29:38.000Z,0,"Nasib Coboy Junior Masih Gelap: ""Ini konser terakhir pakai nama Coboy Junior dan konser terakhir mereka beremp... http://t.co/SvTVLLbGTt",431389213716541440,,,in,,0,0,0,https://x.com/WartaKota/status/431389213716541440,70139265,WartaKota
431387280222068737,2014-02-06T11:21:57.000Z,0,"Sebelum Bubar ""Coboy Junior"" Gelar Konser Perpisahan http://t.co/kZ7h1G9wce",431387280222068737,,,in,,0,3,2,https://x.com/Beritasatu/status/431387280222068737,154102750,Beritasatu
431383861079965696,2014-02-06T11:08:21.000Z,0,Akupun mau :)) RT @alfdjones: KartuPos kalo ada konser Coldplay yg deket lagi kabarin dong :D,431383861079965696,,,in,,0,5,0,https://x.com/KartuPos/status/431383861079965696,532018404,KartuPos
431383148044107776,2014-02-06T11:05:31.000Z,1,"Biasanya aku bikin trip kalau sudah ngerasain sendiri. Suka sama Iceland, aku bikin. Cinta sama New York, buat. Seneng nonton konser, ayo.",431383148044107776,,,in,,0,4,0,https://x.com/KartuPos/status/431383148044107776,532018404,KartuPos
431380870604156928,2014-02-06T10:56:28.000Z,0,(1/4) NET ingin beri apresiasi bagi kamu yg komen keren bagi Konser Iwan Fals Suara Untuk Negeri Medan. Buat kamu yg akunnya mimin sebut...,431380870604156928,,,in,,0,1,4,https://x.com/mdtvindonesia/status/431380870604156928,978808357,mdtvindonesia
431379739215818752,2014-02-06T10:51:59.000Z,13,"#1Dinfo Slama3thn,1D udh bikin3Album,buat8lgu terpopuler,Dpt5RekorDunia,konser dilebih 100Negara,Dpt130Penghargaan&amp;MemilikiFansTerbanyak :')",431379739215818752,,,in,,0,2,102,https://x.com/onedindonessia/status/431379739215818752,511390661,onedindonessia
431375951688368128,2014-02-06T10:36:56.000Z,1,"Bubar, Coboy Junior Adakan Konser Perpisahan http://t.co/QfLGFHXBsx",431375951688368128,,,in,,0,0,11,https://x.com/banjarmasinpost/status/431375951688368128,65639033,banjarmasinpost
431375258290257920,2014-02-06T10:34:10.000Z,2,"Idol Grupnya Pinter, ngasilin banyak duit. Penggemarnya ya bego, nabung buat nonton konser, pengen foto bareng hrs ngedit, salaman bayar",431375258290257920,,,in,,0,10,98,https://x.com/negativisme/status/431375258290257920,43486890,negativisme
431375026005110785,2014-02-06T10:33:15.000Z,2,Apa Makna Konser Perpisahan Coboy Junior? http://t.co/8Hq3D5Hz0Z,431375026005110785,,,in,,0,1,11,https://x.com/detikhot/status/431375026005110785,137282671,detikhot
431374394439774208,2014-02-06T10:30:44.000Z,0,Kapan lagi nonton Konser @Cherrybelleindo .Mumpung dekat di Cirebon lho. Tiketnya Hub @Locomotiv_CNVX atau @CirebonTiket,431374394439774208,,,in,,0,0,0,https://x.com/AboutCirebonID/status/431374394439774208,278855466,AboutCirebonID
431372346536898561,2014-02-06T10:22:36.000Z,4,Coboy Junior Siap Gelar Konser Perpisahan http://t.co/1TnG5e21VM,431372346536898561,,,in,,0,1,15,https://x.com/detikhot/status/431372346536898561,137282671,detikhot
431367176239726592,2014-02-06T10:02:03.000Z,0,"Konser Megah di 40 Tahun Erros Djarot Berkarya, Dapatkan Tiketnya di sini http://t.co/BSHafO34Bp Plenary Hall JCC 14 Februari 2014",431367176239726592,,,in,,0,0,0,https://x.com/tiket/status/431367176239726592,276788200,tiket
431356387864477696,2014-02-06T09:19:11.000Z,1,"Setelah ""Konser Perpisahan"" 23 Februari Nanti, Coboy Junior BUBAR! http://t.co/vuq3cfoHGt",431356387864477696,,,in,,0,1,8,https://x.com/tabloidbintang/status/431356387864477696,95854816,tabloidbintang
431356315596640256,2014-02-06T09:18:54.000Z,0,"Setelah ""Konser Perpisahan"" 23 Februari Nanti, Coboy Junior Akan Tinggal Kenangan http://t.co/vuq3cfoHGt",431356315596640256,,,in,,0,0,5,https://x.com/tabloidbintang/status/431356315596640256,95854816,tabloidbintang
431354129467076608,2014-02-06T09:10:13.000Z,2,Hadiahnya? 6 tiket konser Bruno Mars : Moonshine Jungle Tour untuk 3 pasangan yang beruntung :D ayoo ikutan #ValentineFairLawson,431354129467076608,,,in,,0,1,0,https://x.com/LawsonIndonesia/status/431354129467076608,296605257,LawsonIndonesia
431350309034942464,2014-02-06T08:55:02.000Z,1,Konser 40 Tahun Erros Djarot Berkarya http://t.co/BzDo6hJPkC,431350309034942464,,,in,,0,0,2,https://x.com/gigsplay/status/431350309034942464,68825482,gigsplay
431344011194818560,2014-02-06T08:30:00.000Z,1,Glenn Fredly Konser Teater Sabda Rindu || 26 Mar 2014 || Graha Bakti Budaya Taman Ismail Marzuki #JustClick http://t.co/rtWR93eTll,431344011194818560,,,in,,0,1,3,https://x.com/rajakarcis/status/431344011194818560,85624851,rajakarcis
431342593457152001,2014-02-06T08:24:22.000Z,2,"Konser Peduli Bencana 
 http://t.co/MRF6L8WlJE",431342593457152001,,,in,,0,0,0,https://x.com/hariankompas/status/431342593457152001,255866913,hariankompas
431341940122996736,2014-02-06T08:21:47.000Z,0,B.A.P Siap Adakan Konser Eksklusif Maret Mendatang http://t.co/2IHtd7ZiIz,431341940122996736,,,in,,0,0,3,https://x.com/ShareInfoBaik/status/431341940122996736,385402204,ShareInfoBaik
431333956479246336,2014-02-06T07:50:03.000Z,2,"http://t.co/A9c6hVN2zJ Konser Koin, Slank Kumpulkan Rp 160 Juta Untuk Manado",431333956479246336,,,in,,0,0,8,https://x.com/KapanLagicom/status/431333956479246336,31355801,KapanLagicom
431327167494893568,2014-02-06T07:23:05.000Z,0,[Showbiz] Konser Puluhan Musisi Bantu Korbgan Sinabung http://t.co/jwGBWuRZ1H,431327167494893568,,,in,,0,0,0,https://x.com/pikiran_rakyat/status/431327167494893568,58880688,pikiran_rakyat
431322291884933120,2014-02-06T07:03:42.000Z,0,"Sebentar lagi akan ada kuis @RollingStoneIna, berhadiah 3 Free Entry Pass Konser @ARILASSO_INFO di @RSCafeINA  tgl 19/02/14. #RSIQUIZ",431322291884933120,,,in,,0,0,3,https://x.com/RollingStoneINA/status/431322291884933120,51796251,RollingStoneINA
431321362410377216,2014-02-06T07:00:01.000Z,0,Saksikan Konser &amp; Launching Mini Album @Aligovocalmusic | FREE Entry | 16-02-20 di Kampoeng Popsa (13.00-16.30 wita),431321362410377216,,,in,,0,0,1,https://x.com/SupirPete2/status/431321362410377216,172790109,SupirPete2
431315448097820672,2014-02-06T06:36:30.000Z,0,Abdee Slank dkk Gelar Konser Amal untuk Korban Bencana Alam http://t.co/7HC1CQX3pC,431315448097820672,,,in,,0,0,2,https://x.com/LangitMusik/status/431315448097820672,115588582,LangitMusik
431305164188692480,2014-02-06T05:55:39.000Z,15,"#SlankDiary Di Konser #HELO tadi malam, personil SLANK ada yg mendadak lelang gitar lho ~&gt; http://t.co/dDxlW1GFO1 http://t.co/WU8XM9jIQK",431305164188692480,https://pbs.twimg.com/media/BfvC7fICUAARaQT.jpg,,in,,0,2,62,https://x.com/slankdotcom/status/431305164188692480,17166826,slankdotcom
431303775178219521,2014-02-06T05:50:07.000Z,0,http://t.co/a09xhoo2Tp Niall Horan Temui Taylor Swift Sebelum Konser di Inggris?,431303775178219521,,,in,,0,2,13,https://x.com/KapanLagicom/status/431303775178219521,31355801,KapanLagicom
431301734594396160,2014-02-06T05:42:01.000Z,8,Hadir yah di Konser Amal #HELO Colosseum Club - JKT!! Sore ini mulai jam 18.00 WIB HARI INI!! http://t.co/XuacUyQ4Jp  http://t.co/1f5dcgiGHn,431301734594396160,https://pbs.twimg.com/media/BfvBfFECMAAaBPe.jpg,,in,,0,5,41,https://x.com/slankdotcom/status/431301734594396160,17166826,slankdotcom
431298733683138560,2014-02-06T05:30:05.000Z,2,Dara Beberkan Persiapan 2NE1 Menjelang Konser http://t.co/iYJEW1N1pI,431298733683138560,,,in,,0,0,3,https://x.com/liputan6dotcom/status/431298733683138560,47596019,liputan6dotcom
431283739726184448,2014-02-06T04:30:31.000Z,0,Inilah lay out dan harga tiket konser Cherrybelle di Cirebon http://t.co/tUETxEQnWM Pembelian tiket hub @Locomotiv_CNVX atau @CirebonTiket,431283739726184448,,,in,,0,0,0,https://x.com/AboutCirebonID/status/431283739726184448,278855466,AboutCirebonID
431274097654247424,2014-02-06T03:52:12.000Z,0,Minggu dpn mulai live di Konser Nominasi..setiap hari juga pk.18.00 WIB RT @DagusThione: @DAcademyID info ... http://t.co/Czfa2keXzU,431274097654247424,,,in,,0,1,2,https://x.com/DAcademyID/status/431274097654247424,2150507534,DAcademyID
431268600197169153,2014-02-06T03:30:21.000Z,0,"Smg berkah:-)""@cantsaynotohope: Tadi malam, ada yang kasih sumbangan di konser ""Senandung Untuk Negeri"" sebanyak 100 juta rupiah, tunai! :O""",431268600197169153,,,in,,0,0,5,https://x.com/payungteduh/status/431268600197169153,195416287,payungteduh
431255942202925057,2014-02-06T02:40:03.000Z,3,"http://t.co/vtAuKZZNTJ Peduli Bencana, Para Musisi Hebat Gelar Konser Koin!",431255942202925057,,,in,,0,0,6,https://x.com/KapanLagicom/status/431255942202925057,31355801,KapanLagicom
431246664381526016,2014-02-06T02:03:11.000Z,2,"Supergirlies Ngedangdut, IDP Akustikan di Konser KOIN http://t.co/ou97FHnDay via @detikhot",431246664381526016,,,in,,0,1,13,https://x.com/detikcom/status/431246664381526016,69183155,detikcom
431242303911776256,2014-02-06T01:45:52.000Z,1,"Supergirlies Ngedangdut, IDP Akustikan di Konser KOIN http://t.co/6PaXGxHpBR",431242303911776256,,,in,,0,1,3,https://x.com/detikhot/status/431242303911776256,137282671,detikhot
431241929649836032,2014-02-06T01:44:22.000Z,6,"Mudah2an aja ada yg ngundang kesana ya ""@RizkiMArtin29: @ViaVallen01. Kak vy kapan nih gelar konser di ... http://t.co/f3PWPhuPR0",431241929649836032,,,in,,0,3,5,https://x.com/ViaVallen01/status/431241929649836032,237330187,ViaVallen01
431233454626177024,2014-02-06T01:10:42.000Z,17,"Dengan menyesal menginformasikan pembatalan konser di Cengkareng, 8 Feb karena masalah perijinan dari kepolisian.... http://t.co/MKRJ1evHVU",431233454626177024,,,in,,0,53,291,https://x.com/SID_Official/status/431233454626177024,77950723,SID_Official
431230986597453825,2014-02-06T01:00:53.000Z,0,"BANDUNG!!! Bersiap ya, Konser ""Suara Untuk Negeri"" bersama Iwan Fals akan datang ke kotamu. #NETKonserBandung http://t.co/jjrbYj1Yzl",431230986597453825,,,in,,0,0,5,https://x.com/netmedia_info/status/431230986597453825,118288671,netmedia_info
431230986320642048,2014-02-06T01:00:53.000Z,0,"BANDUNG!!! Bersiap ya, Konser ""Suara Untuk Negeri"" bersama Iwan Fals akan datang ke kotamu. #NETKonserBandung http://t.co/8093cEYzu0",431230986320642048,,,in,,0,0,18,https://x.com/mdtvindonesia/status/431230986320642048,978808357,mdtvindonesia
431222334129590273,2014-02-06T00:26:30.000Z,1,Konser KOIN Sumbang Rp 400 Juta untuk Manado http://t.co/m8S39DarEx,431222334129590273,,,in,,0,0,5,https://x.com/detikhot/status/431222334129590273,137282671,detikhot
431222192601178112,2014-02-06T00:25:57.000Z,3,Konser KOIN Sumbang Rp 400 Juta untuk Manado http://t.co/nATIbz5Srw via @detikhot,431222192601178112,,,in,,0,0,24,https://x.com/detikcom/status/431222192601178112,69183155,detikcom
431218013308600321,2014-02-06T00:09:20.000Z,0,"@Ranergltm gan, nadila fleur special konser semarang nya 30k oke. Cod minggu tgl 9 ya.",431218013308600321,,Ranergltm,in,,0,0,0,https://x.com/sipiqi/status/431218013308600321,221879267,sipiqi
431214227181674496,2014-02-05T23:54:17.000Z,0,"http://t.co/Ph251w0E2u Gelar Konser Perpisahan, Tanda Coboy Junior Bakal Bubar?: Kabar meng... http://t.co/2UGcZ6TSYT Local Breaking News",431214227181674496,,,in,,0,0,0,https://x.com/tribuntimur/status/431214227181674496,80885324,tribuntimur
431206613249036288,2014-02-05T23:24:02.000Z,1,[VIDEO] Abdee Slank dkk Gelar Konser Amal untuk Korban Bencana Alam http://t.co/VfPRxORPK0,431206613249036288,,,in,,0,0,7,https://x.com/liputan6dotcom/status/431206613249036288,47596019,liputan6dotcom
431204258419965953,2014-02-05T23:14:41.000Z,0,Michael Learns To Rock Bakal Konser di Gandaria City Jakarta: Michael Learns To Rock menyambangi Jakarta dalam... http://t.co/8obySEf2I6,431204258419965953,,,in,,0,0,0,https://x.com/WartaKota/status/431204258419965953,70139265,WartaKota
431176228452589568,2014-02-05T21:23:18.000Z,0,"Seni - Bantu Korban Bencana, Puluhan Artis Gelar Konser   http://t.co/dWo6WSgoAT",431176228452589568,,,in,,0,0,1,https://x.com/temponewsroom/status/431176228452589568,88352716,temponewsroom
431152255442509824,2014-02-05T19:48:02.000Z,0,Liputan6 Malam 05-02-2014 3 Konser Penghormatan The Beatles http://t.co/EvMmorXND3,431152255442509824,,,in,,0,0,2,https://x.com/liputan6dotcom/status/431152255442509824,47596019,liputan6dotcom
431129091157131265,2014-02-05T18:15:59.000Z,0,Abdee Slank dkk Gelar Konser Amal untuk Korban Bencana Alam http://t.co/e916SrLz1x http://t.co/6cr8ykeBNk,431129091157131265,https://pbs.twimg.com/media/BfuRpfXCEAAm562.jpg,,in,,0,1,8,https://x.com/liputan6dotcom/status/431129091157131265,47596019,liputan6dotcom
431116033613914112,2014-02-05T17:24:06.000Z,0,"Gitar Abdee ""Slank"" Terjual Rp. 100 Juta di Konser Senandung Untuk Negeri! http://t.co/JteMwISWXD",431116033613914112,,,in,,0,1,44,https://x.com/HaiMagazine/status/431116033613914112,32358893,HaiMagazine
431107276297220096,2014-02-05T16:49:18.000Z,2,"Slank, Cherrybelle, Pee Wee Gaskins Meriahkan Konser Amal Untuk Manado http://t.co/vJ4BHWfr7f",431107276297220096,,,in,,0,2,52,https://x.com/HaiMagazine/status/431107276297220096,32358893,HaiMagazine
431081794536894464,2014-02-05T15:08:03.000Z,1,Abdee Slank dkk Gelar Konser Amal untuk Korban Bencana Alam http://t.co/s3kE62QkB6,431081794536894464,,,in,,0,2,14,https://x.com/liputan6dotcom/status/431081794536894464,47596019,liputan6dotcom
431080464108244992,2014-02-05T15:02:46.000Z,0,"http://t.co/AZmtiBFzLU Gelar Konser Perpisahan, Coboy Junior Resmi Lepas Iqbaal?",431080464108244992,,,in,,0,0,1,https://x.com/tabloidbintang/status/431080464108244992,95854816,tabloidbintang
431075444457082881,2014-02-05T14:42:49.000Z,3,"""@Locomotiv_CNVX Dari Cherrybelle u/ konser di Cirebon 8Maret2014 #justclick http://t.co/gxJUAQmKsB @Twibies_MJL @TwibiCRB @OFC_TwibiKabCRB""",431075444457082881,,,ht,,0,0,7,https://x.com/Twibi_Official/status/431075444457082881,313252129,Twibi_Official
431057588315492352,2014-02-05T13:31:52.000Z,0,Kapan lagi nonton Konser @Cherrybelleindo .Mumpung dekat di Cirebon lho. Tiketnya Hub @Locomotiv_CNVX atau @CirebonTiket,431057588315492352,,,in,,0,1,0,https://x.com/AboutCirebonID/status/431057588315492352,278855466,AboutCirebonID
431057261885390848,2014-02-05T13:30:34.000Z,1,"Saksikan Konser ""Suara Untuk Negeri"" 16 Feb jam 8PM di Lap. Brigif 15 Kujang, Bandung. GRATIS! #NETKonserBandung http://t.co/xrq3FKXjDI",431057261885390848,,,in,,0,1,21,https://x.com/mdtvindonesia/status/431057261885390848,978808357,mdtvindonesia
431057261805727744,2014-02-05T13:30:34.000Z,1,"Saksikan Konser ""Suara Untuk Negeri"" 16 Feb jam 8PM di Lap. Brigif 15 Kujang, Bandung. GRATIS! #NETKonserBandung http://t.co/3hyRuEtIMA",431057261805727744,,,in,,0,1,2,https://x.com/netmedia_info/status/431057261805727744,118288671,netmedia_info
431053371735146496,2014-02-05T13:15:07.000Z,11,Sumbangan masuk Konser Amal #HELO Rp.100ribu n' donasi bisa ke Rek BCA 5005601166 a.n bersama Andre J.O Sumual dan Angling Gading Martin,431053371735146496,,,in,,0,2,43,https://x.com/slankdotcom/status/431053371735146496,17166826,slankdotcom
431047065309704192,2014-02-05T12:50:03.000Z,1,"http://t.co/WdVZ2KbUJt 10 Tahun Berkiprah, Repvblik Siapkan Konser Akbar Gratis",431047065309704192,,,in,,0,0,3,https://x.com/KapanLagicom/status/431047065309704192,31355801,KapanLagicom
431046238545248256,2014-02-05T12:46:46.000Z,3,#1dinfo Sony Music IndonesiaOptimis&amp; Akan tetap berusaha agar One Direction bisa konser di Indonesia untuk Where We Are Tour2014 nanti,431046238545248256,,,in,,0,1,77,https://x.com/onedindonessia/status/431046238545248256,511390661,onedindonessia
431044454762307585,2014-02-05T12:39:41.000Z,0,Korban Banjir Manado Diusir dalam Konser Amal http://t.co/sFcARNBzNm,431044454762307585,,,in,,0,1,1,https://x.com/Beritasatu/status/431044454762307585,154102750,Beritasatu
431038021937270786,2014-02-05T12:14:07.000Z,0,"#LoveBox KAHITNA isinya pernak-pernik Soulmate + 2 tiket konser + kesempatan dapet Backstage Access, cek tweet sebelum ini ya :)",431038021937270786,,,in,,0,0,8,https://x.com/kataKahitna/status/431038021937270786,84981762,kataKahitna
431037776297865219,2014-02-05T12:13:08.000Z,4,"#1Dinfo ""Kami akan Sesegera mungkin meminta kepastian dari 1D,Agar mreka bisa konser di indonesia tahun ini""-SonyMusicID :)",431037776297865219,,,in,,0,4,69,https://x.com/onedindonessia/status/431037776297865219,511390661,onedindonessia
431032092945047552,2014-02-05T11:50:33.000Z,2,The Cure Akan Rilis Album Baru dan DVD Konser http://t.co/yKdKCx5mte,431032092945047552,,,in,,0,1,12,https://x.com/gigsplay/status/431032092945047552,68825482,gigsplay
431020340706177025,2014-02-05T11:03:51.000Z,7,#1Dinfo Suara teriakan Directioners saat Konser TheBoys mencapai 108 Desible atau sama dgn bunyi pesawat saat mau terbang :),431020340706177025,,,in,,0,2,72,https://x.com/onedindonessia/status/431020340706177025,511390661,onedindonessia
431016994650214401,2014-02-05T10:50:34.000Z,0,Aria Senang Bisa Konser di Kampung Halaman http://t.co/A2Tq64PaLL,431016994650214401,,,in,,0,0,1,https://x.com/banjarmasinpost/status/431016994650214401,65639033,banjarmasinpost
431014087695147008,2014-02-05T10:39:01.000Z,10,Musisi @endahNrhesa &amp; @payungteduh mengisi acara konser amal untuk Sinabung: http://t.co/YLbar1DYn3,431014087695147008,,,in,,0,1,59,https://x.com/netmedia_info/status/431014087695147008,118288671,netmedia_info
431009740185817088,2014-02-05T10:21:44.000Z,1,Bono Ingin U2 Kembali Konser di Indoor http://t.co/wUfzqNqJDU,431009740185817088,,,in,,0,4,30,https://x.com/detikcom/status/431009740185817088,69183155,detikcom
431003376361299968,2014-02-05T09:56:27.000Z,0,Bono Ingin U2 Kembali Konser di Indoor http://t.co/5z9Rhzywym,431003376361299968,,,in,,0,1,14,https://x.com/RollingStoneINA/status/431003376361299968,51796251,RollingStoneINA
430996969968787456,2014-02-05T09:30:59.000Z,1,#AvrilLavigneJKT Tiket VIP hanya 990K! Dpt early entry+1 glowstick+1 official poster konser! Beli sekarang http://t.co/tnis9wR8S6 yuk!,430996969968787456,,,in,,0,1,6,https://x.com/marygopsstudios/status/430996969968787456,214005128,marygopsstudios
430996969285091329,2014-02-05T09:30:59.000Z,0,BCL sempatkan nonton film dan konser dengan suami http://t.co/DkyDxHFGyT,430996969285091329,,,in,,0,0,0,https://x.com/MSNindonesia/status/430996969285091329,262026799,MSNindonesia
430996744805941248,2014-02-05T09:30:06.000Z,1,"http://t.co/8gDdiZs6Me Gelar Konser Perpisahan, Coboy Junior Bubar?",430996744805941248,,,in,,0,6,21,https://x.com/KapanLagicom/status/430996744805941248,31355801,KapanLagicom
430987855385473024,2014-02-05T08:54:46.000Z,0,"Jangan lewatkan kesempatan besar duet bersama Iwan Fals di Konser ""Suara Untuk Negeri"" Cek infonya: http://t.co/VhdjWCGmKo #NETKonserBandung",430987855385473024,,,in,,0,1,3,https://x.com/mdtvindonesia/status/430987855385473024,978808357,mdtvindonesia
430987854232055808,2014-02-05T08:54:46.000Z,0,"Jangan lewatkan kesempatan besar duet bersama Iwan Fals di Konser ""Suara Untuk Negeri"" Cek infonya: http://t.co/4SH8y27ljR #NETKonserBandung",430987854232055808,,,in,,0,1,1,https://x.com/netmedia_info/status/430987854232055808,118288671,netmedia_info
430981853299081216,2014-02-05T08:30:55.000Z,0,Inilah lay out dan harga tiket konser Cherrybelle di Cirebon http://t.co/olvFpPKxxD Pembelian tiket hub @Locomotiv_CNVX atau @CirebonTiket,430981853299081216,,,in,,0,0,0,https://x.com/AboutCirebonID/status/430981853299081216,278855466,AboutCirebonID
430981623920619521,2014-02-05T08:30:01.000Z,0,Glenn Fredly Konser Teater Sabda Rindu || 26 Mar 2014 || Graha Bakti Budaya Taman Ismail Marzuki #JustClick http://t.co/rtWR93eTll,430981623920619521,,,in,,0,0,5,https://x.com/rajakarcis/status/430981623920619521,85624851,rajakarcis
430972324209111040,2014-02-05T07:53:03.000Z,8,Wohoo @onedirection akan konser Tour Dunia http://t.co/RYGC3c4R4e cc: @1DirectionIndo,430972324209111040,,,in,,0,2,31,https://x.com/netmedia_info/status/430972324209111040,118288671,netmedia_info
430964016861560832,2014-02-05T07:20:03.000Z,1,"Gelar Konser Perpisahan, Coboy Junior Bubar? http://t.co/dSnARqzZq6",430964016861560832,,,in,,0,2,6,https://x.com/liputan6dotcom/status/430964016861560832,47596019,liputan6dotcom
430961600019697664,2014-02-05T07:10:26.000Z,14,MALAM INI.!! SLANK bakal tampil di Konser Amal #HELO (Help Everybody Loves Others) di Hard Rock Cafe - JKT.. Klik~&gt; http://t.co/XuacUyQ4Jp,430961600019697664,,,in,,0,9,122,https://x.com/slankdotcom/status/430961600019697664,17166826,slankdotcom
430959326581506048,2014-02-05T07:01:24.000Z,0,Family Midi udah tau kalo IL DIVO mau konser lagi? Tau tapi bingung beli tiketnya? Di Alfamidi tersedia kok #ILDIVO https://t.co/UeKQWfugV3,430959326581506048,,,in,,0,0,0,https://x.com/alfamidi_ku/status/430959326581506048,289267785,alfamidi_ku
430956478522859520,2014-02-05T06:50:05.000Z,0,"http://t.co/qT8qjd5hm4 Jadi Penyanyi Tersibuk, Lorde Batalkan Konser di Australia",430956478522859520,,,in,,0,2,12,https://x.com/KapanLagicom/status/430956478522859520,31355801,KapanLagicom
430947982259666944,2014-02-05T06:16:20.000Z,137,"Hi #comate kabar baik buat kalian! akan ada konser COBOYJR ""Persembahan Cinta Terhebat"" Grand Pacific Hall Jogjakarta, tgl 15 Februari 2014.",430947982259666944,,,in,,0,51,764,https://x.com/CJRisCJR/status/430947982259666944,340178420,CJRisCJR
430945101922045952,2014-02-05T06:04:53.000Z,3,"Slank, Once, Glenn Fredly, Kerispatih Siap Meriahkan Konser Amal Buat Manado, 'Senandung untuk Negeri' http://t.co/mvkwL6ePLo",430945101922045952,,,in,,0,2,31,https://x.com/RollingStoneINA/status/430945101922045952,51796251,RollingStoneINA
430944246879617024,2014-02-05T06:01:29.000Z,2,"Slank, Once, Glenn Fredly, Kerispatih Siap Meriahkan Konser Amal Buat Manado, 'Senandung untuk Negeri' http://t.co/ASzu6g9gJn",430944246879617024,,,in,,0,1,97,https://x.com/detikcom/status/430944246879617024,69183155,detikcom
430933056875016193,2014-02-05T05:17:01.000Z,0,Kisah Kerjasama Iwan Fals dan NET. Wujudkan Konser http://t.co/Esik1wqBgz,430933056875016193,,,in,,0,0,1,https://x.com/tabloidbintang/status/430933056875016193,95854816,tabloidbintang
430932303980658688,2014-02-05T05:14:02.000Z,0,"Gelar Konser ""Perpisahan"", Coboy Junior Resmi Lepas Iqbaal? http://t.co/Faz4GGnXMA",430932303980658688,,,in,,0,1,4,https://x.com/tabloidbintang/status/430932303980658688,95854816,tabloidbintang
430932218043584513,2014-02-05T05:13:41.000Z,0,"Gelar Konser Perpisahan, Coboy Junior Resmi Lepas Iqbaal? http://t.co/Faz4GGnXMA",430932218043584513,,,in,,0,0,3,https://x.com/tabloidbintang/status/430932218043584513,95854816,tabloidbintang
430929270798430208,2014-02-05T05:01:59.000Z,1,LUNA SEA akan mengadakan konser di dua arena pada akhir tahun | baca selengkapnya: http://t.co/iSQVeYuPjk  http://t.co/I2F5O3vHJp,430929270798430208,https://pbs.twimg.com/media/BfpclrYIAAAOKFq.jpg,,in,,0,0,8,https://x.com/JapaneseStation/status/430929270798430208,69876693,JapaneseStation
430928864320434176,2014-02-05T05:00:22.000Z,0,UseeTV Akan Siarkan Konser 40 Tahun Karya Erros Djarot http://t.co/BjJtAbs0OH,430928864320434176,,,in,,0,0,0,https://x.com/the_marketeers/status/430928864320434176,79957943,the_marketeers
430928814462361600,2014-02-05T05:00:10.000Z,0,http://t.co/KX8gfBKUZ5 Intip Behind The Scene Persiapan Konser 2NE1,430928814462361600,,,en,,0,0,15,https://x.com/KapanLagicom/status/430928814462361600,31355801,KapanLagicom
430913921273196544,2014-02-05T04:00:59.000Z,1,Saksikan Konser &amp; Launching Mini Album @Aligovocalmusic | FREE Entry | 16-02-20 di Kampoeng Popsa (13.00-16.30 wita),430913921273196544,,,in,,0,0,2,https://x.com/SupirPete2/status/430913921273196544,172790109,SupirPete2
430905936790560769,2014-02-05T03:29:15.000Z,0,Jakarta Event: Konser Ari Lasso Sparkling Night19 Februari 2014 @  http://t.co/EZqjHU2mPt,430905936790560769,,,no,,0,1,0,https://x.com/DKIJakarta/status/430905936790560769,166014938,DKIJakarta
430903706440437761,2014-02-05T03:20:24.000Z,0,"Konser Megah di 40 Tahun Erros Djarot Berkarya, Dapatkan Tiketnya di sini http://t.co/BSHafO34Bp Plenary Hall JCC 14 Februari 2014",430903706440437761,,,in,,0,0,0,https://x.com/tiket/status/430903706440437761,276788200,tiket
430900923401908224,2014-02-05T03:09:20.000Z,5,Joss! Ini terinspirasi dari konser tahun lalu ya? :)) RT @ibnou: Iseng2 buat ngisi liburan nih mas. Pendapatnya?hehe http://t.co/Ccu3QB0SKf,430900923401908224,https://pbs.twimg.com/media/BfrMe3QCQAA20LW.jpg,,in,,0,1,25,https://x.com/endanksoekamti/status/430900923401908224,108209018,endanksoekamti
430899832807378945,2014-02-05T03:05:00.000Z,2,Mau  tiket gratis nonton konser Michael Learns to Rock? Klik ini aja http://t.co/Jg3aNehQs8,430899832807378945,,,ht,,0,0,6,https://x.com/KapanLagicom/status/430899832807378945,31355801,KapanLagicom
430883986790166528,2014-02-05T02:02:02.000Z,0,Pengen Nonton Konser Bandung Dekade? Alfamidi jual tiketnya lho. Cari tau info harganya di ​@alfamidi_ku,430883986790166528,,,in,,0,0,0,https://x.com/sehatcantik/status/430883986790166528,246879632,sehatcantik
430876582391971840,2014-02-05T01:32:37.000Z,0,"47 Gitaris Tampil di Konser Amal
 http://t.co/4ml0llUUY0",430876582391971840,,,in,,0,1,1,https://x.com/hariankompas/status/430876582391971840,255866913,hariankompas
430838128341811200,2014-02-04T22:59:49.000Z,0,BCL Sempatkan Nonton Film dan Konser dengan Suami http://t.co/YzpsdtnULU,430838128341811200,,,in,,0,0,1,https://x.com/tribunnews/status/430838128341811200,124171593,tribunnews
430832024488652800,2014-02-04T22:35:33.000Z,0,Tribun Jakarta BCL Sempatkan Nonton Film dan Konser dengan Suami: Meski harus mengurus ... http://t.co/KFX0hJphkZ http://t.co/GxdpCGgad9,430832024488652800,,,in,,0,0,0,https://x.com/tribunnews/status/430832024488652800,124171593,tribunnews
430709280509923329,2014-02-04T14:27:49.000Z,3,"Siapa yang masih simpen tiket ""Konser J-Rocks Satu Dekade"" 16 November 2013 waktu lalu???? Coba mana buktinya :D",430709280509923329,,,in,,0,7,5,https://x.com/JROCKS1spirit/status/430709280509923329,111234549,JROCKS1spirit
430708672650436608,2014-02-04T14:25:24.000Z,293,"Hai.. kabar baik buat kamu, tiket Konser Coboy Junior ""Persembahan Cinta Terhebat"" Grand Pacific Hall Jogjakarta, tgl 15 Februari 2014",430708672650436608,,,in,,0,191,1598,https://x.com/AlvaroMaldini1/status/430708672650436608,294996035,AlvaroMaldini1
430694724039475200,2014-02-04T13:29:58.000Z,1,Franz Ferdinand Siap Konser Dengan Setlist Spesial. http://t.co/yHm7RzV7a3,430694724039475200,,,no,,0,0,0,https://x.com/ShareInfoBaik/status/430694724039475200,385402204,ShareInfoBaik
430690321370853376,2014-02-04T13:12:29.000Z,222,"Hai. kabar baik buat kamu, tiket Konser Coboy Junior ""Persembahan Cinta Terhebat"" Grand Pacific Hall Jogjakarta, tgl 15 Februari 2014 (next)",430690321370853376,,,in,,0,165,1479,https://x.com/TeukuRyz/status/430690321370853376,1019404664,TeukuRyz
430689843463856128,2014-02-04T13:10:35.000Z,0,"Harmoni adalah cinta yang murni, karena cinta adalah sebuah konser. Tanpa cinta, dunia tidak akan bisa bertahan hidup sampai sekarang ini.",430689843463856128,,,in,,0,0,9,https://x.com/KratingdaengID/status/430689843463856128,273765154,KratingdaengID
430682769539092480,2014-02-04T13:10:18.000Z,0,"@H0N_H0N pasti nanti ada yg bawa, tp tahun ini lg kurang bagus buat konser. Dolar lg menggila",430689774572040192,,sykhanirs,in,,0,1,0,https://x.com/panca66/status/430689774572040192,82042655,panca66
430688099358617600,2014-02-04T13:03:39.000Z,0,"Kamu akan menemukan pernak-pernik Soulmate, 2 tiket konser, kesempatan backstage access, semuanya di dalem #LoveBox :)",430688099358617600,,,in,,0,0,2,https://x.com/kataKahitna/status/430688099358617600,84981762,kataKahitna
430687710266003456,2014-02-04T13:02:06.000Z,5,Pengen Nonton Konser Bandung Dekade? Alfamidi jual tiketnya lho. Cari tau info harganya di @alfamidi_ku,430687710266003456,,,in,,0,0,9,https://x.com/kata2bijak/status/430687710266003456,140051054,kata2bijak
430678578955448321,2014-02-04T12:40:32.000Z,0,“@NaffaHaq: @asmanadia kepalaku konser smash cenat cenut. Yes #gapenting hehe” -&gt; poke @bismakarisma :D,430682283775758337,,NaffaHaq,in,,0,2,1,https://x.com/asmanadia/status/430682283775758337,89745465,asmanadia
430671708333154304,2014-02-04T11:58:31.000Z,1,"One Direction akan segera melaksanakan konser dunia. Selengkapnya, watch this..",430671708333154304,,,in,,0,3,22,https://x.com/AdaRans_NET/status/430671708333154304,1428031314,AdaRans_NET
430669821932355584,2014-02-04T11:51:01.000Z,0,Stone Temple Pilots Batal Konser di Jakarta http://t.co/yUxTJnk4Gj,430669821932355584,,,in,,0,0,0,https://x.com/Harian_Jogja/status/430669821932355584,118371948,Harian_Jogja
430668299660038145,2014-02-04T11:44:58.000Z,2,"Glenn Fredly Konser Teater Sabda Rindu, 26 Mar 2014 - Graha Bakti Budaya Taman Ismail Marzuki Jakarta #JustClick http://t.co/rtWR93eTll",430668299660038145,,,in,,0,0,10,https://x.com/rajakarcis/status/430668299660038145,85624851,rajakarcis
430660084817858560,2014-02-04T11:12:20.000Z,0,"14. #FaktaFangirl suka triak2 sendiri klo nonton konser bias lewat pc/tv,padahal ga nonton konsernya langsung",430660084817858560,,,in,,0,2,31,https://x.com/WeGotLoves/status/430660084817858560,1967021779,WeGotLoves
430653187146534913,2014-02-04T10:44:55.000Z,0,Besok Konser Charity Untuk Manado @KonserKOIN 5 Feb'14 at @HardRockCafeJKT http://t.co/HsYIBgYNWS,430653187146534913,https://pbs.twimg.com/media/BfnyiFqCUAAihDl.jpg,,in,,0,0,5,https://x.com/KartuPos/status/430653187146534913,532018404,KartuPos
430642665861160960,2014-02-04T10:04:22.000Z,2,"iya fixed!! “@dini_kusumaa: @RianEkkyP kak, besok fix konser di purwokerto kan? please bales ya kak~”",430642981570215936,,dini_kusumaa,in,,0,0,1,https://x.com/RianEkkyP/status/430642981570215936,467668087,RianEkkyP
430638264387919873,2014-02-04T09:45:37.000Z,0,Konser Stone Temple Pilots With Chester Bennington di Jakarta Dibatalkan http://t.co/28aoTD2KxD,430638264387919873,,,in,,0,2,7,https://x.com/infojakarta/status/430638264387919873,106038219,infojakarta
430625928658427904,2014-02-04T08:56:36.000Z,1,"The Cure Akan Rilis Album Baru, DVD Konser dan Rencanakan Tur  http://t.co/pe4fErCosr",430625928658427904,,,in,,0,0,0,https://x.com/ShareInfoBaik/status/430625928658427904,385402204,ShareInfoBaik
430625282408464384,2014-02-04T08:54:02.000Z,1,"Gelar Konser di London, Taylor Swift Dapat Kejutan http://t.co/hq9zpNGBay",430625282408464384,,,in,,0,0,7,https://x.com/liputan6dotcom/status/430625282408464384,47596019,liputan6dotcom
430615521122209793,2014-02-04T08:15:15.000Z,1,Taylor Swift Sempat Hadapi Fans Nekat Saat Konser di London http://t.co/1AlhJm7Qp0,430615521122209793,,,in,,0,0,0,https://x.com/LangitMusik/status/430615521122209793,115588582,LangitMusik
430611986091896832,2014-02-04T08:01:12.000Z,0,Family Midi pengen banget Nonton Konser BANDUNG DEKADE? Beli tiketnya di Alfamidi aja :D --&gt; https://t.co/AWaOBSxSLu … #BandungDekade,430611986091896832,,,in,,0,0,0,https://x.com/alfamidi_ku/status/430611986091896832,289267785,alfamidi_ku
430597344959025152,2014-02-04T07:03:01.000Z,0,#infoHITS Taylor Swift Sempat Hadapi Fans Nekat Saat Konser di London  Read more: http://t.co/Uh4RMQKll6,430597344959025152,,,in,,0,0,2,https://x.com/pramborsmedan/status/430597344959025152,77986275,pramborsmedan
430595315008147456,2014-02-04T06:54:57.000Z,11,"Tanggal 12 Februari 2014 di Hard Rock Cafe Bali, tim Rumble Cloth Bali (RMBL) akan mengadakan konser amal untuk... http://t.co/J2qQyTlIzl",430595315008147456,,,in,,0,10,120,https://x.com/SID_Official/status/430595315008147456,77950723,SID_Official
430592875726778368,2014-02-04T06:45:16.000Z,4,Sumbangan masuk Konser Amal #HELO Rp.100ribu n' donasi bisa ke Rek BCA 5005601166 a.n bersama Andre J.O Sumual dan Angling Gading Martin,430592875726778368,,,in,,0,1,42,https://x.com/slankdotcom/status/430592875726778368,17166826,slankdotcom
430591793730551808,2014-02-04T06:40:58.000Z,10,BESOK!! SLANK bakal tampil di di Konser Amal #HELO (Help Everybody Loves Others) ~&gt; http://t.co/XuacUyQ4Jp  Hadir ya! http://t.co/BYjvqcN3vb,430591793730551808,https://pbs.twimg.com/media/Bfhw3SACUAAkTei.jpg,,in,,0,4,91,https://x.com/slankdotcom/status/430591793730551808,17166826,slankdotcom
430587616870678528,2014-02-04T06:24:22.000Z,0,"Yah, Stone Temple Pilots Batal Konser di Jakarta http://t.co/vVUfwNmQHp",430587616870678528,,,in,,0,1,11,https://x.com/HaiMagazine/status/430587616870678528,32358893,HaiMagazine
430577138874732544,2014-02-04T05:42:44.000Z,0,"Buat kmu warga #Cirebon, Ingat 8 Maret 2014 ada konser @Cherrybelleindo di Swiss-Belhotel Cirebon. Tiket di @Locomotiv_CNVX &amp; @CirebonTiket",430577138874732544,,,in,,0,0,2,https://x.com/AboutCirebonID/status/430577138874732544,278855466,AboutCirebonID
430566827295395841,2014-02-04T05:01:45.000Z,0,UseeTV Akan Siarkan Konser 40 Tahun Karya Erros Djarot http://t.co/bbuUXHtBrh,430566827295395841,,,in,,0,1,1,https://x.com/the_marketeers/status/430566827295395841,79957943,the_marketeers
430558850295422976,2014-02-04T04:30:03.000Z,0,"http://t.co/WyzZdXVkeM Gelar Konser di Australia, Justin Bieber Sewa 2 Striptease?",430558850295422976,,,in,,0,1,6,https://x.com/KapanLagicom/status/430558850295422976,31355801,KapanLagicom
430558790531158016,2014-02-04T04:29:49.000Z,2,Dari Cherrybelle untuk konser di Cirebon 8 Maret 2014 #justclick http://t.co/hzgOVBEGLp Hub @Locomotiv_CNVX atau @CirebonTiket,430558790531158016,,,in,,0,0,4,https://x.com/AboutCirebonID/status/430558790531158016,278855466,AboutCirebonID
430557449456586752,2014-02-04T04:24:29.000Z,0,"Pastikan Segera Konser, Duo EunHae Rilis Single Baru http://t.co/EdftkXmpNm",430557449456586752,,,in,,0,0,1,https://x.com/tabloidbintang/status/430557449456586752,95854816,tabloidbintang
430557181176315904,2014-02-04T04:23:26.000Z,0,Stone Temple Pilots Batal Konser di Jakarta http://t.co/FGVqXQryD5,430557181176315904,,,in,,0,1,1,https://x.com/JakartaToday/status/430557181176315904,6612012,JakartaToday
430550889472872450,2014-02-04T03:58:25.000Z,0,Stone Temple Pilots Batal Konser di Jakarta http://t.co/HIRTVk6klu,430550889472872450,,,in,,0,0,0,https://x.com/LangitMusik/status/430550889472872450,115588582,LangitMusik
430548653212565505,2014-02-04T03:49:32.000Z,2,"Pastikan Segera Konser, Duo EunHae Rilis Single Baru http://t.co/CO6AlC04v7",430548653212565505,,,in,,0,0,1,https://x.com/tabloidbintang/status/430548653212565505,95854816,tabloidbintang
430545978848862209,2014-02-04T03:38:55.000Z,2,"Oleh2 dr teman yg mengabadikan. Sikat""@Senang0906: NEW!! Upld to YouTube @payungteduh in konser Amal #SingingToilet http://t.co/2xGT3FVZ8l""",430545978848862209,,,in,,0,0,10,https://x.com/payungteduh/status/430545978848862209,195416287,payungteduh
430545742940225536,2014-02-04T03:37:58.000Z,0,"Terima kasih. Terima kasih:-) ""@Senang0906: NEW!! Upld to YouTube @payungteduh in konser Amal #SingingToilet http://t.co/2xGT3FVZ8l""",430545742940225536,,,in,,0,0,8,https://x.com/payungteduh/status/430545742940225536,195416287,payungteduh
430540222703476736,2014-02-04T03:16:02.000Z,1,Stone Temple Pilots Batal Konser di Jakarta http://t.co/GvplUiFmCJ,430540222703476736,,,in,,0,0,3,https://x.com/liputan6dotcom/status/430540222703476736,47596019,liputan6dotcom
430539949385867264,2014-02-04T03:14:57.000Z,0,Stone Temple Pilots with Chester Bennington Batal Konser di Jakarta http://t.co/vVUfwNmQHp,430539949385867264,,,et,,0,0,26,https://x.com/HaiMagazine/status/430539949385867264,32358893,HaiMagazine
430525018519642112,2014-02-04T02:15:37.000Z,0,"Konser Megah di 40 Tahun Erros Djarot Berkarya, Dapatkan Tiketnya di sini http://t.co/BSHafO34Bp Plenary Hall JCC 14 Februari 2014",430525018519642112,,,in,,0,0,0,https://x.com/tiket/status/430525018519642112,276788200,tiket
430522615305080832,2014-02-04T02:06:04.000Z,1,"Buruan beli tiket #KonserChibiCirebon, 8 Mar. Nanti personilnya udah 9 orang lho pas konser di Cirebon. Hub @CirebonTiket / @Locomotiv_CNVX",430522615305080832,,,in,,0,1,0,https://x.com/AboutCirebonID/status/430522615305080832,278855466,AboutCirebonID
430521326999068672,2014-02-04T02:00:57.000Z,0,Saksikan Konser &amp; Launching Mini Album @Aligovocalmusic | FREE Entry | 16-02-20 di Kampoeng Popsa (13.00-16.30 wita),430521326999068672,,,in,,0,0,1,https://x.com/SupirPete2/status/430521326999068672,172790109,SupirPete2
430513558409850880,2014-02-04T01:30:05.000Z,0,http://t.co/fLANcODZsV [Video] Beyonce Jadi Tamu Tak Diundang di Konser Jay Z!,430513558409850880,,,in,,0,0,7,https://x.com/KapanLagicom/status/430513558409850880,31355801,KapanLagicom
430512751899705345,2014-02-04T01:26:53.000Z,1,~Konser Gamelan Akbar | 15 Februari 2014 | Depan Benteng Vastenburg #kotaSolo » http://t.co/r8zEL7BggA,430512751899705345,https://pbs.twimg.com/media/Be_WXB7CEAA8NjN.jpg,,no,,0,0,10,https://x.com/AgendaSOLO/status/430512751899705345,442940470,AgendaSOLO
430510715296694272,2014-02-04T01:18:47.000Z,2,Stone Temple Pilots Batal Konser di Jakarta http://t.co/XeSvFV2IDf via @detikhot,430510715296694272,,,in,,0,6,28,https://x.com/detikcom/status/430510715296694272,69183155,detikcom
430509735578578944,2014-02-04T01:14:54.000Z,2,Stone Temple Pilots Batal Konser di Jakarta http://t.co/gN5aR0gXvZ,430509735578578944,,,in,,0,0,6,https://x.com/detikhot/status/430509735578578944,137282671,detikhot
430504958186627072,2014-02-04T00:55:55.000Z,3,"April, EXO Siap Adakan Konser Pertama Mereka Di Jepang http://t.co/jx1zwhVQjW via @DreamersRadioID",430504958186627072,,,in,,0,1,21,https://x.com/EXOWORLDINA/status/430504958186627072,566817802,EXOWORLDINA
430397153807048704,2014-02-03T17:47:32.000Z,1,Park Jung Min Akan Gelar Konser Solo di Rusia #koreanindo http://t.co/vi6hfshtgX,430397153807048704,,,in,,0,0,18,https://x.com/koreanindo/status/430397153807048704,31092279,koreanindo
430365794313064448,2014-02-03T15:42:55.000Z,0,UseeTV Akan Siarkan Konser 40 Tahun Karya Erros Djarot http://t.co/bbuUXHtBrh,430365794313064448,,,in,,0,0,3,https://x.com/the_marketeers/status/430365794313064448,79957943,the_marketeers
430359658222460928,2014-02-03T15:18:32.000Z,2,"Duh, Ada Penyusup Naik ke Panggung Konser Taylor Swift! http://t.co/5dea3zZlr2",430359658222460928,,,in,,0,0,0,https://x.com/DreamersRadioID/status/430359658222460928,337529500,DreamersRadioID
430357822644031488,2014-02-03T15:11:15.000Z,10,SHINee Ungkap Teaser untuk Konser ‘SHINee World III in Seoul’ #koreanindo http://t.co/ndlO85RoiX,430357822644031488,,,in,,0,3,70,https://x.com/koreanindo/status/430357822644031488,31092279,koreanindo
430349974425972737,2014-02-03T14:40:04.000Z,2,Lo lagi pacaran apa nonton konser dangdut sih? Ricuh mulu,430349974425972737,,,in,,0,0,5,https://x.com/dewahoya/status/430349974425972737,184778091,dewahoya
430349331342712832,2014-02-03T14:37:30.000Z,2,"Gue alay, yang gaul cuma anak-anak yang nonton konser make helm.",430349331342712832,,,in,,0,2,5,https://x.com/dewahoya/status/430349331342712832,184778091,dewahoya
430340558335135744,2014-02-03T14:02:39.000Z,1,"Foto: Musikimia, Kikan, KadriJimmoSoundscape di Konser Indonesia Keren http://t.co/z8NAYJZiD8",430340558335135744,,,in,,0,0,16,https://x.com/detikcom/status/430340558335135744,69183155,detikcom
430340468509904896,2014-02-03T14:02:17.000Z,0,"Foto: Musikimia, Kikan, KadriJimmoSoundscape di Konser Indonesia Keren http://t.co/fUxVsJZ10k",430340468509904896,,,in,,0,0,4,https://x.com/RollingStoneINA/status/430340468509904896,51796251,RollingStoneINA
430312829501976576,2014-02-03T12:12:28.000Z,6,"#1dInfo Inggris adalah negara pertama yg paling banyak menginginkan 1D konser di negara mereka,yg ke 2 Indonesia lalu Filipina &amp; Irlandia :)",430312829501976576,,,in,,0,2,77,https://x.com/onedindonessia/status/430312829501976576,511390661,onedindonessia
430309932466855936,2014-02-03T12:00:57.000Z,0,Saksikan Konser &amp; Launching Mini Album @Aligovocalmusic | FREE Entry | 16-02-20 di Kampoeng Popsa (13.00-16.30 wita),430309932466855936,,,in,,0,0,0,https://x.com/SupirPete2/status/430309932466855936,172790109,SupirPete2
430297584528547840,2014-02-03T11:11:53.000Z,1,"min, maksut dari 'EXO Greeting Party in Japan' apah? ... — konser kecil- kecilan kaya showcase gitu http://www.d... http://t.co/R1xMHk1pBA",430297584528547840,,,in,,0,0,2,https://x.com/EXOWORLDINA/status/430297584528547840,566817802,EXOWORLDINA
430287196395147264,2014-02-03T10:30:36.000Z,1,Konser Stone Temple Pilots With Chester Bennington Dibatalkan http://t.co/oo9pwRamPL,430287196395147264,,,en,,0,1,9,https://x.com/infojakarta/status/430287196395147264,106038219,infojakarta
430286351221547010,2014-02-03T10:27:15.000Z,7,"#1Dinfo Kabarnya 1Dakan konser di Indonesia Tgl 28Oktober 2014 di MEIS Ancol,Tapi kabar ini blm di konfirmasi oleh 1D sendiri&amp;SonyMusicID :(",430286351221547010,,,in,,0,8,73,https://x.com/onedindonessia/status/430286351221547010,511390661,onedindonessia
430284589777436672,2014-02-03T10:24:48.000Z,0,@bazari48 ane kmrin beli dvd konser...,430285737578098688,,bazari48,in,,0,1,0,https://x.com/chocolatpurple/status/430285737578098688,970070695,chocolatpurple
430249927772352512,2014-02-03T08:02:31.000Z,2,Stone Temple Pilots Batal Konser di Jakarta http://t.co/vVUfwNmQHp,430249927772352512,,,in,,0,1,18,https://x.com/HaiMagazine/status/430249927772352512,32358893,HaiMagazine
430247463593578497,2014-02-03T07:52:43.000Z,0,Konser Stone Temple Pilots With Chester Bennington Di Jakarta Resmi Batal. http://t.co/3XZ1lHThqX,430247463593578497,,,et,,0,0,0,https://x.com/ShareInfoBaik/status/430247463593578497,385402204,ShareInfoBaik
430247188137254912,2014-02-03T07:51:37.000Z,3,Stone Temple Pilots with Chester Bennington Batalkan Konser di Jakarta - http://t.co/ly0j2kt9BZ http://t.co/pYek628Yxv,430247188137254912,,,in,,0,0,5,https://x.com/chesterbenn/status/430247188137254912,31981799,chesterbenn
430246875590320128,2014-02-03T07:50:23.000Z,0,"Konser Megah di 40 Tahun Erros Djarot Berkarya, Dapatkan Tiketnya di sini http://t.co/BSHafO34Bp Plenary Hall JCC 14 Februari 2014",430246875590320128,,,in,,0,0,0,https://x.com/tiket/status/430246875590320128,276788200,tiket
430238367448444928,2014-02-03T07:16:34.000Z,0,Pasti (; RT @Febrian_Yau: slalu akan terus ditunggu konser di semaramg @BESIDEofficial,430238367448444928,,,in,,0,1,0,https://x.com/besideofficial/status/430238367448444928,94396675,besideofficial
430226802628624384,2014-02-03T06:30:37.000Z,3,"Excited! Kita udh mulai latihan utk konser di Singapura! Yg mau dptin tiketnya,aktifin dulu @Iring606 Ungu! Caranya Tekan *808*6#",430226802628624384,,,in,,0,4,28,https://x.com/UNGU_Tweet/status/430226802628624384,141086093,UNGU_Tweet
430226440693374976,2014-02-03T06:29:11.000Z,0,Dari Cherrybelle untuk konser di Cirebon 8 Maret 2014 #justclick http://t.co/dHWQBeb2Nk  Tiket hub @Locomotiv_CNVX / @CirebonTiket,430226440693374976,,,in,,0,0,2,https://x.com/AboutCirebonID/status/430226440693374976,278855466,AboutCirebonID
430218428662546432,2014-02-03T05:59:58.000Z,2,@ofcwinxskyspore resmi ikut non ton konser winxs  kan di Singapore nanti see you ya,430219087893917696,,gondeletesoon,in,,0,2,5,https://x.com/salshaabilaa/status/430219087893917696,77977718,salshaabilaa
430216968142999553,2014-02-03T05:51:32.000Z,1,"Ikut yuk lomba di http://t.co/fgjQVswnY5 berhadiah Kamera SLR, TAB dan Tiket Konser RAISA. Info: http://t.co/FRaMxg90jB #CoklatFiesta",430216968142999553,,,in,,0,0,4,https://x.com/ObrolFilm/status/430216968142999553,213084833,ObrolFilm
430216896558796800,2014-02-03T05:51:15.000Z,0,"Ikut yuk lomba di http://t.co/aNF1hRkewT berhadiah Kamera SLR, TAB dan Tiket Konser RAISA. Info: http://t.co/cif2JVJYdC #CoklatFiesta",430216896558796800,,,in,,0,0,2,https://x.com/ObrolSeleb/status/430216896558796800,908308759,ObrolSeleb
430212858795024384,2014-02-03T05:35:13.000Z,0,#INFOBUKU - NOAH 6.903 Mil Versi REGULER :berkisah tentang momen-momen penting konser NOAH di 2 benua 5 negara.&gt;&gt;&gt; http://t.co/IgBGY36EaD,430212858795024384,,,in,,0,0,3,https://x.com/bukukita/status/430212858795024384,41553787,bukukita
430189083873538048,2014-02-03T04:00:44.000Z,0,"Karakter Anak yang Lahir di Tahun Kuda Kayu: Mereka sangat menimati acara-acara seperti konser dan teater, kar... http://t.co/R6ctZU9ztf",430189083873538048,,,in,,0,0,0,https://x.com/tribunpontianak/status/430189083873538048,115936810,tribunpontianak
430187346420449280,2014-02-03T03:53:50.000Z,0,Konser Koes Plus Jadi Aksi Panggung Murry Yang Terakhir http://t.co/kNGRboc4mx,430187346420449280,,,in,,0,0,0,https://x.com/LangitMusik/status/430187346420449280,115588582,LangitMusik
430178475245203456,2014-02-03T03:43:50.000Z,0,"@phebrie_ayooes ku kirimi lg ce,,cara dftr nsn,,sm mana video konser kmrn????",430184828265172992,,phebrie_ayooes,in,,0,0,0,https://x.com/najma_sahabat/status/430184828265172992,542483833,najma_sahabat
430173622771019777,2014-02-03T02:59:18.000Z,0,Jakarta Event: Konser Ari Lasso Sparkling Night19 Februari 2014 @  http://t.co/EZqjHU2mPt,430173622771019777,,,no,,0,0,2,https://x.com/DKIJakarta/status/430173622771019777,166014938,DKIJakarta
430172152277762048,2014-02-03T02:53:27.000Z,0,Kesempatan kamu untuk nonton Konser @Cherrybelleindo di #Cirebon masih ada loh... Buruan beli tiketnya di @Locomotiv_CNVX &amp; @CirebonTiket,430172152277762048,,,in,,0,0,1,https://x.com/AboutCirebonID/status/430172152277762048,278855466,AboutCirebonID
430165283492229121,2014-02-03T02:26:10.000Z,0,MnG and Mini Konser 'You Are SM*SH We Are SM*SHblast' | 16 November 2014 Jam 12:30-Selesai | Graha Waris Sejahtera Solo,430165283492229121,,,in,,0,0,2,https://x.com/AgendaSOLO/status/430165283492229121,442940470,AgendaSOLO
430152719324557313,2014-02-03T01:36:14.000Z,0,"~Konser Gamelan Akbar @RespatiSruti, Sahita, Blacius Subono &amp; Dedek Wahyudi  | 15 Feb | Benteng Vastenburg http://t.co/r8zEL7BggA",430152719324557313,https://pbs.twimg.com/media/Be_WXB7CEAA8NjN.jpg,,in,,0,0,4,https://x.com/AgendaSOLO/status/430152719324557313,442940470,AgendaSOLO
430151245710364672,2014-02-03T01:30:23.000Z,3,"April, EXO Siap Adakan Konser Pertama Mereka Di Jepang http://t.co/jx1zwhVQjW via @DreamersRadioID",430151245710364672,,,in,,0,2,29,https://x.com/EXOWORLDINA/status/430151245710364672,566817802,EXOWORLDINA
430032443324649472,2014-02-02T18:03:40.000Z,3,:)) @RendyTriandy: Liat @SaraWijayanto brsn d mr. Tukul jd kangen dengerin suaranya pas nyanyi danur di konser sunyaruri :),430038827848044544,,RendyTriandy,in,,0,3,2,https://x.com/SaraWijayanto/status/430038827848044544,39041598,SaraWijayanto
430004671818641409,2014-02-02T15:47:57.000Z,0,"Segera RT @susan1612: @netmediatama, @wishnutama, @iwanfals: terimakasih untuk konser untuk (cont) http://t.co/KeNib0Yp5L",430004671818641409,,,in,,0,1,0,https://x.com/wishnutama/status/430004671818641409,73028047,wishnutama
429996456288583680,2014-02-02T15:15:18.000Z,4,Pengen nonton konser Bruno Mars tapi harga tiketnya ajigile mahalnyo..,429996456288583680,,,in,,0,22,102,https://x.com/benakribo/status/429996456288583680,47123762,benakribo
429987572211666944,2014-02-02T14:40:00.000Z,0,LoveBox KAHITNA itu isinya fan items + 2 tiket Konser IRREPLACEABLE + kesempatan Backstage Access! Mau??? Liat tweet sebelum ini!,429987572211666944,,,in,,0,0,3,https://x.com/kataKahitna/status/429987572211666944,84981762,kataKahitna
429985058510757889,2014-02-02T14:30:01.000Z,2,"#KahitnaNewsLoop install NewsLoop (Gratis) &amp; share artikel favorit kamu, menangkan LoveBox &amp; 2 tiket konser! Klik --&gt; http://t.co/uxZqJ95CTI",429985058510757889,,,in,,0,0,2,https://x.com/kataKahitna/status/429985058510757889,84981762,kataKahitna
429977233491374081,2014-02-02T13:58:55.000Z,4,"3) Contoh Jenis pendapatan Band Musik: penjualan album, konser, merchandise, dan sbg brand ambassador #RencanaBisnis",429977233491374081,,,in,,0,0,5,https://x.com/AdezAulia/status/429977233491374081,64205344,AdezAulia
429969032557891584,2014-02-02T13:26:20.000Z,0,Kapan lagi nonton Konser @Cherrybelleindo .Mumpung dekat di Cirebon lho. Tiketnya Hub @Locomotiv_CNVX atau @CirebonTiket,429969032557891584,,,in,,0,0,0,https://x.com/AboutCirebonID/status/429969032557891584,278855466,AboutCirebonID
429964679557812224,2014-02-02T13:09:02.000Z,3,"Enjoy the show RT @soebrotoadhitya: Konser Suara Untuk Negeri @netmediatama , kmrn ga bs liat eh (cont) http://t.co/D9W6ifC2Zy",429964679557812224,,,in,,0,2,0,https://x.com/wishnutama/status/429964679557812224,73028047,wishnutama
429963260339564544,2014-02-02T13:03:24.000Z,0,"Konser Medan keren banget penontonnya, kalian pecinta Iwan Fals yang di Bandung juga harus rame nanti #NETKonserMedan",429963260339564544,,,in,,0,5,13,https://x.com/mdtvindonesia/status/429963260339564544,978808357,mdtvindonesia
429962718372585473,2014-02-02T13:01:15.000Z,3,"Cek ombak dulu, mana yg nonton Konser Suara untuk Negeri nya om Iwan Fals #NETKonserMedan @netmediatama",429962718372585473,,,in,,0,16,35,https://x.com/Netverseid/status/429962718372585473,1407232710,Netverseid
429952255496695808,2014-02-02T12:19:40.000Z,1,"Gimana konser medan seru kan #NETKonserMedan, buat yang di bandung siap-siap buat Konser Suara Untuk Negeri di Bandung ya !!!",429952255496695808,,,in,,0,8,18,https://x.com/mdtvindonesia/status/429952255496695808,978808357,mdtvindonesia
429947901389705217,2014-02-02T12:02:22.000Z,0,Konser Singing Toilet Untuk Gunung Sinabung http://t.co/qKVlfa3Grt,429947901389705217,,,in,,0,0,1,https://x.com/Bisniscom/status/429947901389705217,118646322,Bisniscom
429941525154263040,2014-02-02T11:37:02.000Z,1,Revolusionet mana suaranya yang mau nonton rerun konser iwan fals medan jam 7PM !!! stay tune ya #NetKonserMedan,429941525154263040,,,in,,0,6,31,https://x.com/mdtvindonesia/status/429941525154263040,978808357,mdtvindonesia
429941211315458048,2014-02-02T11:35:47.000Z,0,"Malam ini siapa yang udah siap buat nonton rerun Konser Suara Untuk Negeri Iwan Fals, absen dulu dong ? #NetKonserMedan",429941211315458048,,,in,,0,4,4,https://x.com/netmedia_info/status/429941211315458048,118288671,netmedia_info
429934435761287168,2014-02-02T11:08:51.000Z,1,"Seni - Konser Singing Toilet, Aksan Sjuman Lelang Simbal http://t.co/omg5N9vKV3",429934435761287168,,,in,,0,0,1,https://x.com/temponewsroom/status/429934435761287168,88352716,temponewsroom
429934435132116992,2014-02-02T11:08:51.000Z,1,Seni - Tiket Konser Singing Toilet untuk Sinabung Ludes http://t.co/vPDZKX20WA,429934435132116992,,,in,,0,0,2,https://x.com/temponewsroom/status/429934435132116992,88352716,temponewsroom
429920980698284032,2014-02-02T10:15:24.000Z,0,"Konser Singing Toilet, Aksan Sjuman Lelang Simbal http://t.co/mbLR2PXS4t",429920980698284032,,,in,,0,1,2,https://x.com/tempodotco/status/429920980698284032,18129942,tempodotco
429920980031377409,2014-02-02T10:15:23.000Z,0,Tiket Konser Singing Toilet untuk Sinabung Ludes http://t.co/g43delf2Jw,429920980031377409,,,in,,0,0,4,https://x.com/tempodotco/status/429920980031377409,18129942,tempodotco
429909271975706624,2014-02-02T09:28:52.000Z,0,#PrayforSinabung RT @SingingToilet: Terima kasih teman2 yg sudah drop banyak baju bekas/popok/pembalut walau seat konser amal penuh. Salut,429909271975706624,,,in,,0,1,4,https://x.com/fadjroeL/status/429909271975706624,18158130,fadjroeL
429898952821862400,2014-02-02T08:47:52.000Z,1,"Nih..main event #269Solo : Konser Gamelan Akbar, Festival Jenang Solo, Solo Carnival http://t.co/hB5ow2C2Ac",429898952821862400,https://pbs.twimg.com/media/BfYF9iRCAAAZ5oJ.jpg,,in,,0,0,11,https://x.com/AgendaSOLO/status/429898952821862400,442940470,AgendaSOLO
429895632493346816,2014-02-02T08:34:40.000Z,1,"Singing Toilet, Jadi Konser Amal Untuk Para Pengungsi Gunung Sinabung http://t.co/58ckToB5WA",429895632493346816,,,in,,0,1,22,https://x.com/HaiMagazine/status/429895632493346816,32358893,HaiMagazine
429888391585353728,2014-02-02T08:28:36.000Z,0,@justincertanINA ada apa sih emangnya konser di miami itu? Kok harus miami? Kenapa nahloh?,429894106169372672,,justincertanINA,in,,0,0,0,https://x.com/netmedia_info/status/429894106169372672,118288671,netmedia_info
429889492104015872,2014-02-02T08:10:16.000Z,1,Hadiahnya? 6 tiket konser Bruno Mars : Moonshine Jungle Tour untuk 3 pasangan yang beruntung :D ayoo ikutan #ValentineFairLawson,429889492104015872,,,in,,0,4,4,https://x.com/LawsonIndonesia/status/429889492104015872,296605257,LawsonIndonesia
429887196192321536,2014-02-02T08:01:09.000Z,0,Pengen Nonton Konser Bandung Dekade? Alfamidi jual tiketnya lho. Cari tau info harganya di ​@alfamidi_ku,429887196192321536,,,in,,0,0,1,https://x.com/sehatcantik/status/429887196192321536,246879632,sehatcantik
429887138889334784,2014-02-02T08:00:55.000Z,0,Saksikan Konser &amp; Launching Mini Album @Aligovocalmusic | FREE Entry | 16-02-20 di Kampoeng Popsa (13.00-16.30 wita),429887138889334784,,,in,,0,0,1,https://x.com/SupirPete2/status/429887138889334784,172790109,SupirPete2
429886851818598400,2014-02-02T07:59:47.000Z,0,"Malam ini yg diem dirumah, mending nonton Re-Run Konser ""Suara Untuk Negeri"" bareng mimin jam 7PM.. Hihihi",429886851818598400,,,in,,0,0,2,https://x.com/netmedia_info/status/429886851818598400,118288671,netmedia_info
429881176585555968,2014-02-02T07:37:13.000Z,0,"Tjakep ►@ahmadgozali: @sigit_iko @masmono08 @bungimad @bembydc @AishaMaharanie @zaidulakbar Konser amal &amp; tobat nasional, ajak para tokoh.""",429881176585555968,,,in,,0,0,1,https://x.com/masmono08/status/429881176585555968,132055569,masmono08
429881151247773696,2014-02-02T07:37:07.000Z,8,"Konser Amal #HELO dari MPI, KOIN, Action 4Hope 5 feb di HRC, 6feb di Colloseum, Sumbangan tanda masuknya min. Rp.100rb.",429881151247773696,,,in,,0,0,43,https://x.com/AbdeeNegara/status/429881151247773696,27839691,AbdeeNegara
429845015339085824,2014-02-02T07:04:44.000Z,0,"@sigit_iko @masmono08 @bungimad @bembydc @AishaMaharanie @zaidulakbar Konser amal &amp; tobat nasional, ajak para tokoh.",429873001509560320,,sigit_iko,in,,0,0,1,https://x.com/AhmadGozali/status/429873001509560320,119741295,AhmadGozali
429871937956089856,2014-02-02T07:00:31.000Z,0,Family Midi udah tau kalo IL DIVO mau konser lagi? Tau tapi bingung beli tiketnya? Di Alfamidi tersedia kok #ILDIVO https://t.co/UeKQWfugV3,429871937956089856,,,in,,0,0,0,https://x.com/alfamidi_ku/status/429871937956089856,289267785,alfamidi_ku
429870653278130176,2014-02-02T06:55:25.000Z,2,"Alhamdulillah, ditengah kesibukan masih bisa nungguin anak konser piano, walau sebentar tapi sangat berharga #Maturnuwun",429870653278130176,,,in,,0,9,2,https://x.com/pramonoanung/status/429870653278130176,151313825,pramonoanung
429848765936070656,2014-02-02T05:28:26.000Z,3,"Info konser amal #HELO dari teman MPI, KOIN, Action4Hope, kontak @andreOPA (HardRockCafe), @tongclay (Colloseum Club)",429848765936070656,,,in,,0,0,16,https://x.com/AbdeeNegara/status/429848765936070656,27839691,AbdeeNegara
429846709909209090,2014-02-02T05:20:16.000Z,6,"Teman2 MPI, KOIN, Action4Hope present : Help Everybody Loves Others (#HELO) Konser amal utk  SINABUNG, MANADO and JAKARTA - JAWA AREA",429846709909209090,,,in,,0,2,54,https://x.com/AbdeeNegara/status/429846709909209090,27839691,AbdeeNegara
429841217317126144,2014-02-02T04:58:26.000Z,0,"""@unicitraaa: With akang kasep @HediYunus di konser simply love :) ♥ bgt yaaa http://t.co/p6om0H8AWB""",429841217317126144,https://pbs.twimg.com/media/BfcY1azCYAAff7t.jpg,,in,,0,2,2,https://x.com/HediYunus/status/429841217317126144,58799410,HediYunus
429835779863740417,2014-02-02T04:36:50.000Z,0,"""@trias_winanti: Konser Simply Love di Taman Ismail Marzuki @garudaorganizer @KahitnaFull @Carlo_Saba ... http://t.co/gnWN9GoZpj",429835779863740417,,,in,,0,0,0,https://x.com/HediYunus/status/429835779863740417,58799410,HediYunus
429835283081994240,2014-02-02T04:34:52.000Z,0,"""@vhiackles: @HediYunus with @KahitnaFull selalu.. :) ""@957Winfm: Topik Pagi Ini: Konser musisi siapa sih ... http://t.co/tLhgH1g5eq",429835283081994240,,,in,,0,1,0,https://x.com/HediYunus/status/429835283081994240,58799410,HediYunus
429835216145092608,2014-02-02T04:34:36.000Z,0,"""@nadialulu_n: Konser @KahitnaFull Denger suara merdu @MARIOGINAN7AR Kang @HediYunus Mas @Carlo_Saba ... http://t.co/i0S3oHnPAd",429835216145092608,,,in,,0,0,0,https://x.com/HediYunus/status/429835216145092608,58799410,HediYunus
429829100136841216,2014-02-02T04:10:17.000Z,0,"Konser Megah di 40 Tahun Erros Djarot Berkarya, Dapatkan Tiketnya di sini http://t.co/BSHafO34Bp Plenary Hall JCC 14 Februari 2014",429829100136841216,,,in,,0,0,0,https://x.com/tiket/status/429829100136841216,276788200,tiket
429828308537462784,2014-02-02T04:07:09.000Z,0,Konser Reuni Koes Plus jadi Konser Terakhir Murry http://t.co/iz9XXsNFlD via @aktualpost,429828308537462784,,,in,,0,0,5,https://x.com/LokadataID/status/429828308537462784,17588443,LokadataID
429811666872963072,2014-02-02T03:01:01.000Z,0,Duo Eunhae Bakal Gelar Konser di Jepang http://t.co/WUlJXgmWa1,429811666872963072,,,in,,0,0,8,https://x.com/tabloidbintang/status/429811666872963072,95854816,tabloidbintang
429802847522521089,2014-02-02T02:25:58.000Z,1,"Saksikan Re-Run Konser ""Suara Untuk Negeri"" bersama @iwanfals di Medan malam ini pkl. 19.00 WIB hanya di NET.",429802847522521089,,,in,,0,1,18,https://x.com/netmedia_info/status/429802847522521089,118288671,netmedia_info
429775046718926848,2014-02-02T02:17:26.000Z,0,"Ada Re-Run konser Iwan Fals Suara Untuk Negeri jam 7PM""@faizsidik29: @netmedia_info hari ini ada acara musik yang keren lagi ga min di net?”",429800698499588097,,faizsidik29,in,,0,1,3,https://x.com/netmedia_info/status/429800698499588097,118288671,netmedia_info
429789202415624195,2014-02-02T01:31:45.000Z,0,UseeTV Akan Siarkan Konser 40 Tahun Karya Erros Djarot http://t.co/BjJtAbs0OH,429789202415624195,,,in,,0,0,0,https://x.com/the_marketeers/status/429789202415624195,79957943,the_marketeers
429784080117280768,2014-02-02T01:11:24.000Z,1,"""KONSER NEW AFI"" pagi ini pkl 09.30 WIB hanya di INDOSIAR @fanypatilaya @DwiNovaPandia @kevin_tilo @oncemkl #Uthe #Sammy",429784080117280768,,,in,,0,0,2,https://x.com/Indosiar/status/429784080117280768,351999221,Indosiar
429774296374730753,2014-02-02T00:32:31.000Z,0,"Agenda rangkaian HUT #269Solo : Festival Jenang, Solo Carnival dan Konser Gamelan Akbar http://t.co/AarB9U0qAS",429774296374730753,https://pbs.twimg.com/media/BfbcfboCQAExXx_.jpg,,in,,0,1,11,https://x.com/AgendaSOLO/status/429774296374730753,442940470,AgendaSOLO
429705913834823681,2014-02-01T20:00:48.000Z,0,Masih ada ksempatan untuk mnyaksikan konser amal untuk Sinabung. Hayo segera dptkan tiket @SingingToilet langsung ke GBB-TIM hr ini. Sikaat!,429705913834823681,,,in,,0,1,17,https://x.com/payungteduh/status/429705913834823681,195416287,payungteduh
429638051648659456,2014-02-01T18:33:55.000Z,0,"@farahanindya_ @netmediatama hmmmm, emang ada apa sih konser tournya itu?",429684050588999680,,bassreverbs,in,,0,2,1,https://x.com/netmedia_info/status/429684050588999680,118288671,netmedia_info
419457613223301121,2014-02-01T17:11:03.000Z,0,"@MerchJKT48 @hardy_luwis11 nadila konser yang sebelah kiri, yang pake seifuku laydown brp tuh gan? ane minat dong :3",429663195171540992,,MerchJKT48,in,,0,0,0,https://x.com/sipiqi/status/429663195171540992,221879267,sipiqi
429651470854545408,2014-02-01T16:24:27.000Z,1,"Hadir Yuk &gt; @indahesjepe: Jgn lupa besok sore di TIM ada konser &amp; bazaar amal #SingingToilet, Sanitasi u/ #Sinabung http://t.co/fFkO2rrGkL""",429651470854545408,,,in,,0,0,2,https://x.com/fahiraidris/status/429651470854545408,68304724,fahiraidris
429647846187356163,2014-02-01T16:10:03.000Z,0,http://t.co/cfYtLtMIro Konser Koes Plus Jadi Aksi Panggung Murry Yang Terakhir,429647846187356163,,,in,,0,1,2,https://x.com/KapanLagicom/status/429647846187356163,31355801,KapanLagicom
429645275192246273,2014-02-01T15:59:50.000Z,0,Terimakasih sudah menyaksikan konser takethat sesaat lagi masih ada @musicevery_NET,429645275192246273,,,in,,0,4,2,https://x.com/netmedia_info/status/429645275192246273,118288671,netmedia_info
429641374724419584,2014-02-01T15:44:20.000Z,0,"Kalau tadi ada iHeartRADIO lalu konser @takethat nah sebentar lg akan ada @musicevery_NET Jamrud, so mlm minggu kamu penuh  #MusiConcertNET",429641374724419584,,,in,,0,7,7,https://x.com/netmedia_info/status/429641374724419584,118288671,netmedia_info
429635973039652866,2014-02-01T15:22:52.000Z,1,"#LoveBox dijamin bikin kamu penuh cinta, didalemnya ada special fan items, ada tiket konser ga cuma 1 tapi 2, bisa dapet Golden Access juga!",429635973039652866,,,in,,0,1,7,https://x.com/kataKahitna/status/429635973039652866,84981762,kataKahitna
429632961944629249,2014-02-01T15:10:54.000Z,3,Kamu bisa jadi pemilik exclusive KAHITNA #LoveBox + 2 tiket konser IRREPLACEABLE + Golden Access! Caranya --&gt; http://t.co/uxZqJ95CTI,429632961944629249,,,in,,0,0,13,https://x.com/kataKahitna/status/429632961944629249,84981762,kataKahitna
429629194113282048,2014-02-01T14:55:56.000Z,5,"#KahitnaNewsLoop : Install NewsLoop (FREE), menangkan KAHITNA LoveBox + 2 tiket Konser! Caranya klik --&gt; http://t.co/uxZqJ95CTI",429629194113282048,,,in,,0,2,14,https://x.com/kataKahitna/status/429629194113282048,84981762,kataKahitna
429626937422536705,2014-02-01T14:46:58.000Z,0,"Mudah2an RT @yusdiansyah: ""Mda2an k dpan brani ngasi ruang jg buat pndatang bru@panca66: Habis konser I Heart Radio Music Festival, trus",429626937422536705,,,in,,0,0,0,https://x.com/panca66/status/429626937422536705,82042655,panca66
429626666646654977,2014-02-01T14:45:54.000Z,0,Konser ini juga merupakan konser reuninya @robbiewilliams betul tidak mimin @musicevery_NET #MusiConcertNET,429626666646654977,,,in,,0,0,3,https://x.com/netmedia_info/status/429626666646654977,118288671,netmedia_info
429594911193583617,2014-02-01T14:35:41.000Z,0,"Selamat @cathlinw, kamu menang tiket festival konser 40 Tahun Erros Djarot Berkarya. Ihiy.",429624098902130688,,cathlinw,in,,0,1,1,https://x.com/aMrazing/status/429624098902130688,76298119,aMrazing
429623551801319424,2014-02-01T14:33:31.000Z,0,"Habis konser I Heart Radio Music Festival, trus lanjut konser Take That. Berani ini #NET main di ceruk kecil yg ditinggal MTV. #Respect",429623551801319424,,,in,,0,1,1,https://x.com/panca66/status/429623551801319424,82042655,panca66
429622830758510592,2014-02-01T14:30:39.000Z,0,Karena setelah ini masih ada Konser Take That,429622830758510592,,,in,,0,1,3,https://x.com/netmedia_info/status/429622830758510592,118288671,netmedia_info
429604389578637312,2014-02-01T13:17:22.000Z,0,Laser Drum akan Buka Konser Kotak http://t.co/H453ZUVI9V,429604389578637312,,,in,,0,0,0,https://x.com/banjarmasinpost/status/429604389578637312,65639033,banjarmasinpost
429600144045010945,2014-02-01T13:00:30.000Z,0,Di dalam #LoveBox ada fan items istimewa + Couple Ticket (2) Konser #AkuKamuDanValentine + Kesempatan dapet Golden Access! @KapanLagicom,429600144045010945,,,in,,0,1,8,https://x.com/kataKahitna/status/429600144045010945,84981762,kataKahitna
429599742503309312,2014-02-01T12:58:54.000Z,1,Di dalam #LoveBox ada Soulmate items istimewa + Couple Ticket (2) Konser #AkuKamuDanValentine + Kesempatan dapet Golden Access! Mau?,429599742503309312,,,tl,,0,3,14,https://x.com/kataKahitna/status/429599742503309312,84981762,kataKahitna
429596431326801922,2014-02-01T12:45:45.000Z,0,"MALAM INI ~Konser Amal #Sinabung @KalipsoSolo di Rumah Blogger indonesia, Jl. Apel 3 No 27 Jajar #PeduliSinabung http://t.co/ugZGPDfrEA",429596431326801922,https://pbs.twimg.com/media/BfW_j9PCUAE9Prw.jpg,,in,,0,0,10,https://x.com/AgendaSOLO/status/429596431326801922,442940470,AgendaSOLO
429595738423574528,2014-02-01T12:43:00.000Z,0,"MALAM INI @reinenzastev Konser amal SMALISKA! Ekstern | SABTU 1 Feb 2014 pukul 15.45-20.20 | lap.SMA5 SKA GS:TWCS, MOCA CABOEL etc. | HTM 5k",429595738423574528,,,in,,0,0,11,https://x.com/AgendaSOLO/status/429595738423574528,442940470,AgendaSOLO
429591706543992832,2014-02-01T12:26:58.000Z,1,"Yang mau tiket gratis konser 50 Tahun Erros Djarot Berkarya, RT tweet ini. http://t.co/u1bBwYUaoK",429591706543992832,,,in,,0,3,72,https://x.com/aMrazing/status/429591706543992832,76298119,aMrazing
429591231509700609,2014-02-01T12:25:05.000Z,0,"Jadi, pas Valentine nanti, tanggal 14 Feb, akan ada konser 40 Tahun Erros Djarot berkarya -&gt; http://t.co/u1bBwYUaoK",429591231509700609,,,in,,0,0,1,https://x.com/aMrazing/status/429591231509700609,76298119,aMrazing
429590311694630912,2014-02-01T12:21:26.000Z,0,OH IYA! RT @myARTasya: Malem mingguan manyun? mending mantengin TL-nya @aMrazing dia punya lebihan tiket konser Erros Djarot. Kuisss,429590311694630912,,,in,,0,0,1,https://x.com/aMrazing/status/429590311694630912,76298119,aMrazing
429579019248357376,2014-02-01T11:36:34.000Z,0,Iya tp ada konser seru kok RT @Deanandita_: @netmedia_info terus gak ada @TheComment_NET dong malam ini?,429579019248357376,,,in,,0,0,0,https://x.com/netmedia_info/status/429579019248357376,118288671,netmedia_info
429573993838833665,2014-02-01T11:16:35.000Z,0,UseeTV Akan Siarkan Konser 40 Tahun Karya Erros Djarot http://t.co/bbuUXHtBrh,429573993838833665,,,in,,0,0,0,https://x.com/the_marketeers/status/429573993838833665,79957943,the_marketeers
424406620475375616,2014-02-01T11:08:14.000Z,0,@smart_media17 boleh minta kontak panitia konser ada band?,429571891989204993,,smart_media17,in,,0,1,0,https://x.com/infoMKS_/status/429571891989204993,135420170,infoMKS_
429554944065015808,2014-02-01T10:00:54.000Z,0,Saksikan Konser &amp; Launching Mini Album @Aligovocalmusic | FREE Entry | 16-02-20 di Kampoeng Popsa (13.00-16.30 wita),429554944065015808,,,in,,0,0,4,https://x.com/SupirPete2/status/429554944065015808,172790109,SupirPete2
429523393688260608,2014-02-01T07:55:31.000Z,1,"Eh mimin mau ingatin lg nih, nanti malam ada dua konser musik ya yg bakal nemenin malam minggu km.. #MusiConcertNET",429523393688260608,,,in,,0,1,6,https://x.com/netmedia_info/status/429523393688260608,118288671,netmedia_info
429509568079867904,2014-02-01T07:00:35.000Z,0,Family Midi pengen banget Nonton Konser BANDUNG DEKADE? Beli tiketnya di Alfamidi aja :D --&gt; https://t.co/AWaOBSxSLu … #BandungDekade,429509568079867904,,,in,,0,1,0,https://x.com/alfamidi_ku/status/429509568079867904,289267785,alfamidi_ku
429507771810078720,2014-02-01T06:53:27.000Z,1,Jdlah saksi lahirnya bintang dangdut masa dpn! Saksikan Audisi&amp;Konser Nominasi stiap hari pk.18.00 WIB mulai 3 Feb-2 Mar 2014 di @IndosiarID,429507771810078720,,,in,,0,11,10,https://x.com/DAcademyID/status/429507771810078720,2150507534,DAcademyID
429506502055849985,2014-02-01T06:48:24.000Z,0,":)) ""@astri12trie: Yeeaaayy bs ktmu kang @HediYunus  ;) RT@ita16kurnia: Ga sabar buat konser #irepplaceable2 cc: @astri12trie""",429506502055849985,,,in,,0,1,2,https://x.com/HediYunus/status/429506502055849985,58799410,HediYunus
429486952606613504,2014-02-01T05:30:43.000Z,0,"Konser Megah di 40 Tahun Erros Djarot Berkarya, Dapatkan Tiketnya di sini http://t.co/BSHafO34Bp Plenary Hall JCC 14 Februari 2014",429486952606613504,,,in,,0,0,0,https://x.com/tiket/status/429486952606613504,276788200,tiket
429457779255152641,2014-02-01T03:34:48.000Z,0,8 Maret. Konser @Cherrybelleindo RT @reneokk:  dalam waktu dekat ini ada artis lagi ngga yg ke cirebon?,429457779255152641,,,in,,0,0,3,https://x.com/AboutCirebonID/status/429457779255152641,278855466,AboutCirebonID
429457513025904640,2014-02-01T03:33:44.000Z,1,"pengen tau dong, di konser mana2 aja LP nge-cover lagu,... — Cek http://t.co/QBHBRsEwUU http://t.co/nT2g5Q1DkB",429457513025904640,,,in,,0,0,3,https://x.com/LPfansID/status/429457513025904640,118568121,LPfansID
429446476394004480,2014-02-01T02:49:53.000Z,6,Konser Yukirin AKB48 Akan Dirilis Dalam DVD/Blu-ray http://t.co/CCra5HXvP9,429446476394004480,,,in,,0,3,63,https://x.com/HaiMagazine/status/429446476394004480,32358893,HaiMagazine
429444221355835393,2014-02-01T02:40:55.000Z,0,"Jadi, ada 3 org buta, yg nonton konser solo Murry malam itu bersama saya di Purawisata..",429444221355835393,,,in,,0,0,0,https://x.com/fajarnugros/status/429444221355835393,36321448,fajarnugros
429423481977966592,2014-02-01T01:18:31.000Z,0,"#TODAY @reinenzastev Konser amal SMALISKA! Ekstern | SABTU 1 Feb 2014 pukul 15.45-20.20 | lap.SMA5 SKA GS:TWCS, MOCA CABOEL etc. | HTM 5k",429423481977966592,,,in,,0,0,5,https://x.com/AgendaSOLO/status/429423481977966592,442940470,AgendaSOLO
429408467711840257,2014-02-01T00:20:06.000Z,0,@rockadocta pagi sabtu didepan rumah gw ada SD yg senam pake Soundsystem konser megadeth... Pengeng...,429408780913094656,,rockadocta,in,,0,1,0,https://x.com/abdelachrian/status/429408780913094656,51087531,abdelachrian
429316784533934081,2014-01-31T18:14:32.000Z,0,Ada hari minggu pkl 19.00 RT @adekmht: @netmediatama @wishnutama Ada rerun konser @iwanfals di (cont) http://t.co/yRW2fSDGY9,429316784533934081,,,in,,0,4,3,https://x.com/wishnutama/status/429316784533934081,73028047,wishnutama
429297579981946880,2014-01-31T16:58:13.000Z,0,"Tatto pull, trus mosing pas konser JKT48",429297579981946880,,,in,,0,0,0,https://x.com/ubnorm/status/429297579981946880,187238863,ubnorm
429132694715248641,2014-01-31T06:03:01.000Z,3,"Sudah siap nonton KONSER GAMELAN AKBAR, 15 Feb 2014? Ada @RespatiSruti, Sahita, Blacius Subono &amp; Dedek Wahyudi lho! http://t.co/r8zEL7BggA",429132694715248641,https://pbs.twimg.com/media/Be_WXB7CEAA8NjN.jpg,,in,,0,1,9,https://x.com/AgendaSOLO/status/429132694715248641,442940470,AgendaSOLO
429132154186907648,2014-01-31T06:00:53.000Z,1,"~Konser Dangdut @OM_SERA | Minggu, 2 Februari 2014 pkl 10.00 | nDayu Park Sragen. htm: 10k",429132154186907648,,,in,,0,0,6,https://x.com/AgendaSOLO/status/429132154186907648,442940470,AgendaSOLO
429110690704789504,2014-01-31T04:35:35.000Z,2,Konser Simply Love seru!! @KahitnaFull @yoviewidianto marioginan7ar @yokiwindriawan http://t.co/vY9LQoNUHW,429110690704789504,,,in,,0,0,0,https://x.com/HediYunus/status/429110690704789504,58799410,HediYunus
429099242334863360,2014-01-31T03:50:06.000Z,0,http://t.co/KkI0ysHXp7 RAN: Belum Waktunya Bikin Konser Tunggal,429099242334863360,,,in,,0,0,5,https://x.com/KapanLagicom/status/429099242334863360,31355801,KapanLagicom
429098426014248960,2014-01-31T03:46:51.000Z,2,"@AndiMaulidyisah hahahahh""@TemanMention: Temen lo yang sering konser di wc""",429098426014248960,,AndiMaulidyisah,tl,,0,0,0,https://x.com/ZahraalyaAlya/status/429098426014248960,2302759237,ZahraalyaAlya
429063857563111424,2014-01-31T01:29:29.000Z,0,"Catat RT @ErrosDjarot40: Go to http://t.co/K2EZjEKmIe or call 021-7512009. RT @dewibudiono: om erros, kalo mau pesen tiket konser 40 tahun?",429063857563111424,,,in,,0,0,3,https://x.com/fadjroeL/status/429063857563111424,18158130,fadjroeL
429042578437062657,2014-01-31T00:04:56.000Z,1,"STEFANY, KEVIN, dan NOVA berebut GRAND FINAL lagi! ""KONSER ELIMINASI NEW AFI"" w/ UTHE, SAMMY dan ONCE, malam ini pkl 21 @INDOSIARID",429042578437062657,,,in,,0,0,0,https://x.com/Indosiar/status/429042578437062657,351999221,Indosiar
429031576102391808,2014-01-30T23:21:13.000Z,0,"""@Yuniew: Kali ini serunya nonton konser dilengkapi dgn nungguin 2 tmn yg mau foto sama kang @HediYunus ... http://t.co/djv81cxYLi",429031576102391808,,,in,,0,0,0,https://x.com/HediYunus/status/429031576102391808,58799410,HediYunus
429031528065036289,2014-01-30T23:21:01.000Z,0,"Sama2.. ""@DNurwidhiastuti: Kang @HediYunus  konser na seruuu..dpt hadiah jg dr kuis td:-) Makasih @KahitnaFull http://t.co/QWWtvF5hqB""",429031528065036289,https://pbs.twimg.com/media/BfPtyMCCQAAJ6bT.jpg,,in,,0,0,1,https://x.com/HediYunus/status/429031528065036289,58799410,HediYunus
429031416391688193,2014-01-30T23:20:35.000Z,1,"""@yenifarida: @HediYunus Mlm ini Seru&amp;amp;seneng bgt bs ktemu lgs di Konser #SimplyLove di TIM .. Idolaku Kang Hedi http://t.co/rnkNonohMm""",429031416391688193,https://pbs.twimg.com/media/BfPuQ_8CIAA0Mtx.jpg,,in,,0,0,0,https://x.com/HediYunus/status/429031416391688193,58799410,HediYunus
428965258863321088,2014-01-30T18:57:42.000Z,1,"Alhamdulillah....makasih yg udh dtg tadi di konser Simply Love nya @KahitnaFull ...skrg wktnya tidur, ngantuk bgtttt",428965258863321088,,,in,,0,0,0,https://x.com/HediYunus/status/428965258863321088,58799410,HediYunus
428919902842281984,2014-01-30T15:57:28.000Z,0,"""KONSER ELIMINASI NEW AFI"" dimeriahkan oleh RUTH SAHANAYA, SAMMY SIMORANGKIR, dan ONCE, Saksikan JUMAT mulai pkl 21.00 WIB hanya di INDOSIAR",428919902842281984,,,in,,0,1,5,https://x.com/Indosiar/status/428919902842281984,351999221,Indosiar
428902950875185152,2014-01-30T14:50:06.000Z,0,"Usai Gagal Lakukan Stage Diving, Seorang Fans Meninggal Dunia di Konser Suicidal Tendencies http://t.co/wZFgy6Ry17",428902950875185152,,,in,,0,0,7,https://x.com/gigsplay/status/428902950875185152,68825482,gigsplay
428901805574356992,2014-01-30T14:45:33.000Z,1,#jogja @maltampan: gedung d jogja yg biasanya dibuat acara (konser/party/nikahan) itu dimama aja ya ? Yg harga dibawah 3jt .,428901805574356992,,,in,,0,4,0,https://x.com/JogjaUpdate/status/428901805574356992,128175561,JogjaUpdate
428898010459021312,2014-01-30T14:30:28.000Z,0,Seorang Fans Meninggal Usai Gagal Stage Diving di Konser Suicidal Tendencies http://t.co/ZFJP56bT6w,428898010459021312,,,in,,0,3,5,https://x.com/infobandung/status/428898010459021312,74081981,infobandung
428881192310407169,2014-01-30T13:23:39.000Z,0,:“&gt; RT @OmAbdi: 14 Feb mau ajak pacar ke mana? Mending ke konser “40 Tahun @ErrosDjarot40 Berkarya” Ticket on sale. http://t.co/u1bBwYUaoK,428881192310407169,,,in,,0,0,1,https://x.com/aMrazing/status/428881192310407169,76298119,aMrazing
428866506995552257,2014-01-30T12:25:17.000Z,2,"Di Swiss, Seorang Fans Meninggal Dunia Setelah Gagal Lakukan Stage Diving Saat Konser Suicidal Tendencies http://t.co/jCDk7wkT35",428866506995552257,,,in,,0,1,11,https://x.com/gigsplay/status/428866506995552257,68825482,gigsplay
428855550994944000,2014-01-30T11:41:45.000Z,0,@serbakuis mau tiket konser #RaisaCONNECTED? Ada 2 tix untuk masing-masing pemenang. Cek favorit Twitter @PlasaMSN ya~,428855550994944000,,Serbakuis,in,,0,0,1,https://x.com/MSNindonesia/status/428855550994944000,262026799,MSNindonesia
428855531566936064,2014-01-30T11:41:41.000Z,0,@infokuiz mau tiket konser #RaisaCONNECTED? Ada 2 tix untuk masing-masing pemenang. Cek favorit Twitter @PlasaMSN ya~,428855531566936064,,infokuiz,in,,0,0,0,https://x.com/MSNindonesia/status/428855531566936064,262026799,MSNindonesia
428855498402590720,2014-01-30T11:41:33.000Z,0,@kuishunter mau tiket konser #RaisaCONNECTED? Ada 2 tix untuk masing-masing pemenang. Cek favorit Twitter @PlasaMSN ya~,428855498402590720,,kuishunter,in,,0,0,0,https://x.com/MSNindonesia/status/428855498402590720,262026799,MSNindonesia
428739622290866176,2014-01-30T04:01:06.000Z,0,"Konser Megah di 40 Tahun Erros Djarot Berkarya, Dapatkan Tiketnya di sini http://t.co/BSHafO34Bp Plenary Hall JCC 14 Februari 2014",428739622290866176,,,in,,0,0,1,https://x.com/tiket/status/428739622290866176,276788200,tiket
428731477895823360,2014-01-30T03:28:44.000Z,0,"« Waktu ikut Konser 2nd Anniversary-nya #JKT48 ketemu emaknya @melodyJKT48. Kupanggil: “Hai, Mam.” *salim*",428731477895823360,,,in,,0,2,0,https://x.com/Stakof/status/428731477895823360,68331085,Stakof
428729667785211904,2014-01-30T03:21:32.000Z,10,"Karena ketiadaan ijin dr kepolisian, konser tgl 1 Feb di Sidoarjo diundur smp selesai Pemilu. Tgl pasti akan diinfo selanjutnya.",428729667785211904,,,in,,0,36,279,https://x.com/SID_Official/status/428729667785211904,77950723,SID_Official
428715630607351808,2014-01-30T02:25:46.000Z,2,Siap2 sebentar lagi bakal ada schedule #NidjiFebruari2014 siapa tau nidji konser di kotamu...,428715630607351808,,,in,,0,1,13,https://x.com/nidji/status/428715630607351808,67956486,nidji
428712977962131456,2014-01-30T02:15:13.000Z,0,"Konser Amal #SingingToilet Sanitasi Utk Sinabung. Yuk bantu saudara"" kita di sana dgn ikut menyumbang http://t.co/N4MotfJY6Q @SingingToilet",428712977962131456,,,in,,0,0,11,https://x.com/infojakarta/status/428712977962131456,106038219,infojakarta
428709180107550720,2014-01-30T02:00:08.000Z,1,http://t.co/Jg3aNehQs8 MLTR Gelar Konser di Indonesia,428709180107550720,,,in,,0,2,17,https://x.com/KapanLagicom/status/428709180107550720,31355801,KapanLagicom
428684120185929728,2014-01-30T00:20:33.000Z,0,#jogja @sonorajogja 15/2/14 18.00 Konser Tunggal Coboy Junior di Grand Pacific Hall | 0811254747 http://t.co/AYa2bZXZi2,428684120185929728,https://pbs.twimg.com/media/BevHptNCUAAJgCo.jpg,,in,,0,2,23,https://x.com/JogjaUpdate/status/428684120185929728,128175561,JogjaUpdate
428675919008391168,2014-01-29T23:47:58.000Z,0,"""Singing Toilet"", Konser Amal Untuk Pengungsi Sinabung   http://t.co/q8X1QYp9XJ",428675919008391168,,,in,,0,0,5,https://x.com/Beritasatu/status/428675919008391168,154102750,Beritasatu
428666837610422272,2014-01-29T23:11:52.000Z,2,Seni - Konser 40 Tahun Eros Jarot Berkarya Digelar http://t.co/uWvbhVPY3d,428666837610422272,,,in,,0,0,3,https://x.com/temponewsroom/status/428666837610422272,88352716,temponewsroom
428641823108513792,2014-01-29T21:32:29.000Z,0,Konser 40 Tahun Eros Jarot Berkarya Digelar http://t.co/0vqYRSBuE4,428641823108513792,,,in,,0,0,1,https://x.com/tempodotco/status/428641823108513792,18129942,tempodotco
428572722776403969,2014-01-29T17:01:39.000Z,0,"@tweet_erland nya kitu lah, di dinya damang? 26 april nongton sim kuring di TIM atuh euy... Konser tunggal yeuh.",428573667115532288,,tweet_erland,in,,0,1,0,https://x.com/NOTASLIMBOY/status/428573667115532288,19190361,NOTASLIMBOY
428557162713862144,2014-01-29T15:56:04.000Z,2,Ada konser @Ari_lasso d MNC niy..mantapp,428557162713862144,,,in,,0,2,0,https://x.com/marnicute/status/428557162713862144,69770856,marnicute
428550510853910528,2014-01-29T15:29:38.000Z,0,konser tribute 50 tahun @thebeatles baru saja digelar! | seperti apa perkembangan persiapan konser @BrunoMars ?,428550510853910528,,,in,,0,0,7,https://x.com/AdaRans_NET/status/428550510853910528,1428031314,AdaRans_NET
428540622568292352,2014-01-29T14:50:20.000Z,0,"Hihihi sekece yg nonton NET. ;) RT @musicevery_NET: Asik, mimin @netmediatama kece juga nih, mau rerun konser #SuaraUntukNegeri juga :D",428540622568292352,,,in,,0,0,0,https://x.com/mdtvindonesia/status/428540622568292352,978808357,mdtvindonesia
428539809942872065,2014-01-29T14:47:07.000Z,1,Siap! RT @cirofatah: @netmediatama @musicevery_NET rerun konser iwan fals yg kmrn donk...,428539809942872065,,,in,,0,3,2,https://x.com/mdtvindonesia/status/428539809942872065,978808357,mdtvindonesia
428535837010427904,2014-01-29T14:31:20.000Z,0,Seru lho nonton Konser @CherryBelleindo bareng temen2. Harga tiket Presale masih ada. Hubungi @Locomotiv_CNVX atau @CirebonTiket,428535837010427904,,,in,,0,0,0,https://x.com/AboutCirebonID/status/428535837010427904,278855466,AboutCirebonID
428520865857171456,2014-01-29T13:31:50.000Z,0,The Devil Wears Prada konser d Jakarta BESOK dgn opening act: @dividejkt @thirteenjkt @CDCJKT @sweetasrevenge @MelodyMakerband #RockTheNight,428520865857171456,,,in,,0,0,14,https://x.com/HRFMSurabaya/status/428520865857171456,60817022,HRFMSurabaya
428513289148973056,2014-01-29T13:01:44.000Z,3,Bulan Juni nanti .@elliegoulding akan mengadakan konser di Singapore! https://t.co/Qn7o4sVvWD http://t.co/pndzFry2zJ via @Universal_Indo,428513289148973056,https://pbs.twimg.com/media/BfJhF4YCQAAVfmr.jpg,,in,,0,0,10,https://x.com/KartuPos/status/428513289148973056,532018404,KartuPos
428492732022005762,2014-01-29T11:40:02.000Z,1,"http://t.co/ov2TKcpXOE Biaya Konser Mahal, Erros Djarot Minta Jangan Lupa Korban Banjir",428492732022005762,,,in,,0,0,3,https://x.com/KapanLagicom/status/428492732022005762,31355801,KapanLagicom
428492478505693184,2014-01-29T11:39:02.000Z,0,"Malam Ini, Simfoni Cinta Hadirkan Ari Lasso: Dalam keterangan tertulis diterima Warta Kota, Konser ini disiark... http://t.co/pLBnKiGWPA",428492478505693184,,,in,,0,1,1,https://x.com/WartaKota/status/428492478505693184,70139265,WartaKota
428223504845000704,2014-01-28T17:50:14.000Z,0,"""@DiahSiswanto: Yipii tiket Konser @KahitnaFull - Biar uda jutaan kali  tapi gak bosen 😍  @HediYunus ... http://t.co/I1xu0zPqMs",428223504845000704,,,in,,0,0,0,https://x.com/HediYunus/status/428223504845000704,58799410,HediYunus
428213203940540416,2014-01-28T17:09:18.000Z,0,"BAND INDIE LABEL : SBR Berulang Tahun, 19 Band Indie Label Konser http://t.co/ICvX00NZ0x",428213203940540416,,,in,,0,0,0,https://x.com/Harian_Jogja/status/428213203940540416,118371948,Harian_Jogja
428194823833526272,2014-01-28T15:56:16.000Z,91,"Besok, 29 Januari semua instansi diliburkan. Tidak ada aktifitas kecuali, konser akbar 26 tahun!! ❤️❤️❤️ muach",428194823833526272,,,in,,0,133,223,https://x.com/inijedar/status/428194823833526272,79986578,inijedar
428164332698890240,2014-01-28T13:55:06.000Z,0,(1/2) Sudah lihat kan keren banget duet pemenang kompetisi video dengan Bang @iwanfals di Konser Suara Untuk Negeri MEDAN? #NETMovement,428164332698890240,,,in,,0,0,3,https://x.com/mdtvindonesia/status/428164332698890240,978808357,mdtvindonesia
428155660635615232,2014-01-28T13:20:38.000Z,1,"Konser bulanan Billy Joel dimulai: Pemusik 1970-an, Billy Joel, memulai konsernya di Madison Square Garden di ... http://t.co/PkxC81iP9g",428155660635615232,,,in,,0,0,3,https://x.com/BBCIndonesia/status/428155660635615232,23772644,BBCIndonesia
428153182141681664,2014-01-28T13:10:47.000Z,0,"Rayakan Eksistensi di Dunia Musik, Luna Sea Gelar Konser http://t.co/gmfIg0KnGc http://t.co/Wpj2UEBvgh",428153182141681664,https://pbs.twimg.com/media/BfD5CO3CQAEI6d3.jpg,,in,,0,1,2,https://x.com/liputan6dotcom/status/428153182141681664,47596019,liputan6dotcom
428151579989278720,2014-01-28T13:04:25.000Z,1,http://t.co/JNCDcjnn5u Duo Eunhae Bakal Gelar Konser di Jepang,428151579989278720,,,in,,0,0,1,https://x.com/tabloidbintang/status/428151579989278720,95854816,tabloidbintang
428127480608600065,2014-01-28T11:28:40.000Z,0,http://t.co/wvvTkxjBHo Michael Learns To Rock Siap Konser Valentine di Pekalongan,428127480608600065,,,ht,,0,0,3,https://x.com/tabloidbintang/status/428127480608600065,95854816,tabloidbintang
428121894005395456,2014-01-28T11:06:28.000Z,0,@Ikha_JKT48 baru balik kerja dan ga nnton konser tadi..#dahgituaja,428121894005395456,,,in,,0,0,0,https://x.com/chocolatpurple/status/428121894005395456,970070695,chocolatpurple
428120285812760576,2014-01-28T11:00:04.000Z,1,"http://t.co/uc8gr7f7e1 28 Maret, VAMPS Siap Gelar Konser Kedua di London!",428120285812760576,,,in,,0,1,3,https://x.com/KapanLagicom/status/428120285812760576,31355801,KapanLagicom
428112976030482432,2014-01-28T10:31:02.000Z,0,Seru lho nonton Konser @CherryBelleindo bareng temen2. Harga tiket Presale masih ada. Hubungi @Locomotiv_CNVX atau @CirebonTiket,428112976030482432,,,in,,0,0,1,https://x.com/AboutCirebonID/status/428112976030482432,278855466,AboutCirebonID
428105380774690816,2014-01-28T10:00:51.000Z,7,Konser Solo Perdana CNBLUE di Meksiko Sukses Dihadiri 5.000 Penonton #koreanindo http://t.co/cqbEWS1DMk,428105380774690816,,,in,,0,1,70,https://x.com/koreanindo/status/428105380774690816,31092279,koreanindo
428103675911757824,2014-01-28T09:54:04.000Z,2,"Februari 2014, Prince Akan Gelar Konser di London http://t.co/6dAyeQ2pMO",428103675911757824,,,in,,0,0,1,https://x.com/liputan6dotcom/status/428103675911757824,47596019,liputan6dotcom
428098954426060800,2014-01-28T09:35:19.000Z,1,14/2/14 20.00 ~ Konser @KLaProject @ReinKLAnasi | Grand Pacific Hall | RSVP 085252164343 http://t.co/2P4CX1dXn4,428098954426060800,https://pbs.twimg.com/media/Be-g1ijCAAAyLoI.jpg,,en,,0,1,13,https://x.com/Jogja24Jam/status/428098954426060800,537556372,Jogja24Jam
428097128955523072,2014-01-28T09:28:03.000Z,17,JKT48 Bawakan Dua Lagu Baru di Konser 3rd Generation Audition http://t.co/0HKDKb6usT,428097128955523072,,,in,,0,5,201,https://x.com/HaiMagazine/status/428097128955523072,32358893,HaiMagazine
428085588902703104,2014-01-28T08:42:12.000Z,0,"Untuk AnakLangit yang ada di Pekalongan, siap-siap nih MLTR akan rayakan valentine dengan Konser di Pekalongan http://t.co/Xx3wz04kaO",428085588902703104,,,in,,0,0,3,https://x.com/LangitMusik/status/428085588902703104,115588582,LangitMusik
428085167932968960,2014-01-28T08:40:32.000Z,0,"Kemarin di @IFI_BANDUNG , Pameran Photo Konser Karya Teman-Teman #SundayClass Angkatan 1 http://t.co/6KkzL5Z20j",428085167932968960,,,in,,0,0,3,https://x.com/gigsplay/status/428085167932968960,68825482,gigsplay
428077093813895169,2014-01-28T08:08:27.000Z,0,".@GlennFredly, @PayungTeduh dan @float_project Akan Tampil di Konser Amal untuk Sinabung http://t.co/HEzufiZ4Zi",428077093813895169,,,in,,0,0,0,https://x.com/LangitMusik/status/428077093813895169,115588582,LangitMusik
428067442410012672,2014-01-28T07:30:06.000Z,2,"http://t.co/1oQyWEdSGD Konser di Jepang, Donghae - Eunhyuk Rilis Poster Ganteng",428067442410012672,,,in,,0,0,26,https://x.com/KapanLagicom/status/428067442410012672,31355801,KapanLagicom
428066596938993664,2014-01-28T07:26:44.000Z,5,"Glenn Fredly, Payung Teduh, Float Akan Tampil di Konser Amal untuk Sinabung http://t.co/I8OJpgmnNw",428066596938993664,,,in,,0,11,187,https://x.com/detikcom/status/428066596938993664,69183155,detikcom
428066478902870016,2014-01-28T07:26:16.000Z,0,"Glenn Fredly, Payung Teduh, Float Akan Tampil di Konser Amal untuk Sinabung http://t.co/EgMDUibuiP",428066478902870016,,,in,,0,1,51,https://x.com/RollingStoneINA/status/428066478902870016,51796251,RollingStoneINA
428060261145395200,2014-01-28T07:01:33.000Z,0,Family Midi pengen banget Nonton Konser BANDUNG DEKADE? Beli tiketnya di Alfamidi aja :D --&gt;  https://t.co/AWaOBSxSLu #BandungDekade,428060261145395200,,,in,,0,0,0,https://x.com/alfamidi_ku/status/428060261145395200,289267785,alfamidi_ku
428058205780865024,2014-01-28T06:53:23.000Z,1,"Dateng ah mau liat mc-nya RT @NDIGUN: Konser amal @SingingToilet; sanitasi untuk Sinabung, 2 Feb di GBB TIM. http://t.co/38v2qbmdsb",428058205780865024,https://pbs.twimg.com/media/BfDDzAUCUAARHi9.jpg,,in,,0,1,0,https://x.com/adjisdoaibu/status/428058205780865024,258874416,adjisdoaibu
428056298089762816,2014-01-28T06:45:49.000Z,0,Family Midi udah tau kalo IL DIVO mau konser lagi? Tau tapi bingung beli tiketnya? Di Alfamidi tersedia kok #ILDIVO https://t.co/h4ASWHsSkU,428056298089762816,,,in,,0,0,0,https://x.com/alfamidi_ku/status/428056298089762816,289267785,alfamidi_ku
428054022260412418,2014-01-28T06:36:46.000Z,2,"""Yang Terlupakan"" - @IwanFals feat @Ari_lasso di Konser Suara Untuk Negeri 2014 http://t.co/5bXlSRgWw8 |Keren Mas @wishnutama",428054022260412418,,,in,,0,1,2,https://x.com/AdibHidayat/status/428054022260412418,19280181,AdibHidayat
428045232295641088,2014-01-28T06:01:50.000Z,0,"Konser Megah di 40 Tahun Erros Djarot Berkarya, Dapatkan Tiketnya di sini http://t.co/BSHafO34Bp Plenary Hall JCC 14 Februari 2014",428045232295641088,,,in,,0,0,1,https://x.com/tiket/status/428045232295641088,276788200,tiket
428037386237665281,2014-01-28T05:30:40.000Z,3,"Ungu bagi2 tiket+akomodasi utk nonton Konser kita di Singapura!Caranya aktifin dl @Iring808 lagu Ungu,ketik MG&lt;spasi&gt;SPORE sms ke 808",428037386237665281,,,in,,0,2,36,https://x.com/UNGU_Tweet/status/428037386237665281,141086093,UNGU_Tweet
428017834573053952,2014-01-28T04:12:58.000Z,0,Duo Eunhae Bakal Gelar Konser di Jepang http://t.co/CTNB1nKzho,428017834573053952,,,in,,0,0,0,https://x.com/tabloidbintang/status/428017834573053952,95854816,tabloidbintang
428011276392869888,2014-01-28T03:46:55.000Z,0,Duo Eunhae Bakal Gelar Konser di Jepang http://t.co/4Zxq6jQUjj,428011276392869888,,,in,,0,0,1,https://x.com/tabloidbintang/status/428011276392869888,95854816,tabloidbintang
428010995467169792,2014-01-28T03:45:48.000Z,0,"#maribaca  ""@KineriaMovie REVIEW COMIC 8: Kala Perampok Menuntut Tiket Konser JKT48: http://t.co/HX0AQMUTKe  (via @TabloidBintang)",428010995467169792,,,in,,0,0,1,https://x.com/FILM_Indonesia/status/428010995467169792,99452092,FILM_Indonesia
427987071760728064,2014-01-28T02:10:44.000Z,0,"Buat yang kemarin minta episode artist live perform, penampilan di panggung, kerennya suasana konser. Sore ini episode kaliaan Guyyyss ^^",427987071760728064,,,in,,0,13,18,https://x.com/BreakoutNET/status/427987071760728064,1510267110,BreakoutNET
427948319755993088,2014-01-27T23:36:44.000Z,0,"Masih ditunggu loh pilihan lagu di #THREESUM  -&gt; 3 lagu dari ""musisi asing yang akan konser di Jakarta tahun ini"" #MorningKis",427948319755993088,,,in,,0,1,0,https://x.com/kis951fm/status/427948319755993088,68998125,kis951fm
427943972758360065,2014-01-27T23:19:28.000Z,0,"Tema #THREESUM pagi ini &gt;&gt; 3 lagu dari ""musisi asing yang akan konser di Jakarta tahun ini"" #MorningKis",427943972758360065,,,in,,0,0,0,https://x.com/kis951fm/status/427943972758360065,68998125,kis951fm
427912851303710720,2014-01-27T21:15:48.000Z,0,FOTO KONSER IWAN FALS : Suara Untuk Negeri http://t.co/BnYHbnucHP,427912851303710720,,,in,,0,0,0,https://x.com/Harian_Jogja/status/427912851303710720,118371948,Harian_Jogja
427868804069085184,2014-01-27T18:20:46.000Z,4,"Tanpa harus mengurangi keasyikan menonton konser, berikut ini beberapa tips menghadiri konser musik yang asyik. http://t.co/6wZ3syXLPb",427868804069085184,,,in,,0,0,10,https://x.com/NGIndonesia/status/427868804069085184,36904795,NGIndonesia
427865104546148353,2014-01-27T18:06:04.000Z,0,Cawang/Halim hujan deras + konser geluduk sdh pada tau? Take care (via @cahyowib),427865104546148353,,,in,,0,0,1,https://x.com/lewatmana/status/427865104546148353,18795386,lewatmana
427864927148064768,2014-01-27T18:05:22.000Z,0,"Saat konser BigBang +A in Seoul Minggu (26/1), leader Big Bang G-Dragon mengungkapkan jika BigBang akan comeback dimusim panas mendatang",427864927148064768,,,in,,0,0,4,https://x.com/WeGotLoves/status/427864927148064768,1967021779,WeGotLoves
427845624608722944,2014-01-27T16:48:40.000Z,0,Iya RT @Arie_FivMed: Semua peralatan konser iwan fals di medan di bawa langsung dari jakarta \\^0^// @wishnutama,427845624608722944,,,in,,0,0,0,https://x.com/wishnutama/status/427845624608722944,73028047,wishnutama
427807241828184064,2014-01-27T14:31:00.000Z,1,"Terima kasiih ^^ ""@mukhtaranwar1: @BREAKOUTNET btw thank's bgt ya kmaren mlm Net TV dah nayangin konser Iwan Fals, kereeennn bgt sob,,,,""",427810980664320000,,mukhtaranwar1,in,,0,1,0,https://x.com/BreakoutNET/status/427810980664320000,1510267110,BreakoutNET
427800717630664704,2014-01-27T13:50:13.000Z,0,"Sabtu, 15 Feb 2014, 18.00 | Konser Tunggal @coboyjr | Grand Pacific Hall Yogya | Info 0811254747 http://t.co/5oZK57Tsnk",427800717630664704,https://pbs.twimg.com/media/BevHptNCUAAJgCo.jpg,,in,,0,0,3,https://x.com/jalanbhakti/status/427800717630664704,84214786,jalanbhakti
427797662327246850,2014-01-27T13:38:05.000Z,0,MLTR Rayakan Valentine dengan Konser di Pekalongan http://t.co/qBfZXNi1l8,427797662327246850,,,in,,0,1,11,https://x.com/liputan6dotcom/status/427797662327246850,47596019,liputan6dotcom
427773174944505856,2014-01-27T12:00:47.000Z,19,"#Horror Itu saat lo liat nenek lo nonton konser coboyjunior sampe bawa poster gede bertulis ""Iqbaal Meried me""",427773174944505856,,,in,,0,11,267,https://x.com/ObrolTV/status/427773174944505856,412233662,ObrolTV
427772195230605312,2014-01-27T11:56:53.000Z,0,Konser Iwan Fals sukses besar! Berikut liputannya. Are you one of the witness?,427772195230605312,,,in,,0,1,8,https://x.com/AdaRans_NET/status/427772195230605312,1428031314,AdaRans_NET
427771635093880833,2014-01-27T11:54:40.000Z,0,"Selanjutnya, berita kesuksesan konser Iwan Fals di Medan. Stay tune!",427771635093880833,,,in,,0,1,5,https://x.com/AdaRans_NET/status/427771635093880833,1428031314,AdaRans_NET
427771300342288384,2014-01-27T11:53:20.000Z,0,"Yaudah abis nnton aq plg ""@fiobbee: Slim aku beli tiket konser raisa, tapi tujuannya nonton standup mu. Pie? @TretanMuslim""",427771300342288384,,,in,,0,0,2,https://x.com/TretanMuslim/status/427771300342288384,533359500,TretanMuslim
427750340973182977,2014-01-27T10:30:03.000Z,0,Miss A Rayakan Keberhasilan Konser Perdananya http://t.co/A42aVv3KGD,427750340973182977,,,in,,0,0,1,https://x.com/liputan6dotcom/status/427750340973182977,47596019,liputan6dotcom
427746680843534336,2014-01-27T10:15:30.000Z,11,"Donghae &amp; Eunhyuk Super Junior Ungkap Poster untuk Konser Jepang ""D &amp; E"" #koreanindo http://t.co/3iuTrxhNlA",427746680843534336,,,in,,0,2,128,https://x.com/koreanindo/status/427746680843534336,31092279,koreanindo
427745027348246528,2014-01-27T10:08:56.000Z,0,Pumpkin Tampil Awali Buka Konser D'Masiv http://t.co/uCemxOI8Wv,427745027348246528,,,in,,0,0,0,https://x.com/banjarmasinpost/status/427745027348246528,65639033,banjarmasinpost
427722269842866176,2014-01-27T10:04:24.000Z,0,"@kata_ndar Konser KOIN sbg tanda sumbangan adalah Rp 100,000",427743887432507392,,,in,,0,0,0,https://x.com/HardRockCafeJKT/status/427743887432507392,83854107,HardRockCafeJKT
427739702209171456,2014-01-27T09:47:46.000Z,0,"@maidafaza belum ada, tp Konser Iwan Fals Suara Untuk Negeri masih akan ke 3 kota di Indonesia loh...",427739702209171456,,,in,,0,0,0,https://x.com/mdtvindonesia/status/427739702209171456,978808357,mdtvindonesia
427717482158108672,2014-01-27T08:19:29.000Z,0,"Ikut yuk lomba di http://t.co/aNF1hRkewT berhadiah Kamera SLR, TAB dan Tiket Konser RAISA. Info: http://t.co/cif2JVJYdC #CoklatFiesta",427717482158108672,,,in,,0,0,1,https://x.com/ObrolSeleb/status/427717482158108672,908308759,ObrolSeleb
427716311305560065,2014-01-27T08:14:49.000Z,0,Prince akan Gelar Konser di London http://t.co/fvBQncyjM6,427716311305560065,,,in,,0,0,2,https://x.com/Metro_TV/status/427716311305560065,57261519,Metro_TV
427716255399694336,2014-01-27T08:14:36.000Z,0,@asep_wiguna belum ada... tp Konser Iwan Fals Suara Untuk Negeri masih akan ke 3 kota lainnya kok...,427716255399694336,,,in,,0,0,0,https://x.com/mdtvindonesia/status/427716255399694336,978808357,mdtvindonesia
427715335739817984,2014-01-27T08:10:57.000Z,0,Konser Galang Dana bagi Anda Perdana Diselenggarakan Lagi Malam Ini http://t.co/sxqDeqBq2l,427715335739817984,,,in,,0,0,15,https://x.com/detikcom/status/427715335739817984,69183155,detikcom
427712941064863745,2014-01-27T08:01:26.000Z,1,"Nice pic RT @franxie99ers: Lokasi mantap, penonton tertib dn semangat. Konser luar biasaa!! trimakasih @netmediatama http://t.co/RCvaeZVWBM",427712941064863745,,,in,,0,4,3,https://x.com/mdtvindonesia/status/427712941064863745,978808357,mdtvindonesia
427711769742565377,2014-01-27T07:56:47.000Z,0,Sekrang ada tayangan Konser Tribute to Carole King Yg baru Saja diselenggarakan,427711769742565377,,,in,,0,1,2,https://x.com/MetroTVNewsRoom/status/427711769742565377,410168661,MetroTVNewsRoom
427706597054627840,2014-01-27T07:36:13.000Z,0,"Sabtu, 15 Feb 2014, 18.00 | Konser Tunggal @coboyjr | Grand Pacific Hall Yogya | Info 0811254747 http://t.co/5oZK57Tsnk",427706597054627840,https://pbs.twimg.com/media/BevHptNCUAAJgCo.jpg,,in,,0,1,6,https://x.com/jalanbhakti/status/427706597054627840,84214786,jalanbhakti
427704875279863809,2014-01-27T07:29:23.000Z,0,Konser Galang Dana bagi Anda Perdana Diselenggarakan Lagi Malam Ini http://t.co/Zfyo9DGP65,427704875279863809,,,in,,0,0,13,https://x.com/RollingStoneINA/status/427704875279863809,51796251,RollingStoneINA
427702688814362624,2014-01-27T07:20:42.000Z,2,"Berteman Dekat, Jang Geun Suk Hadiri Konser Jaejoong 'JYJ' http://t.co/m2ftX1wSUV",427702688814362624,,,in,,0,0,19,https://x.com/detikhot/status/427702688814362624,137282671,detikhot
427701534059945984,2014-01-27T07:16:06.000Z,0,"Konser Megah di 40 Tahun Erros Djarot Berkarya, Dapatkan Tiketnya di sini http://t.co/BSHafO34Bp Plenary Hall JCC 14 Februari 2014",427701534059945984,,,in,,0,0,0,https://x.com/tiket/status/427701534059945984,276788200,tiket
